ticker,quarter,jobs,water_mgal,jobs_yoy,water_yoy
APA,2012Q1,197,7.982657,,
APA,2012Q2,220,1.580516,,
APA,2012Q3,216,9.951956000000001,,
APA,2012Q4,226,242.852237678182,,
APA,2013Q1,234,352.892122,0.18781725888324874,43.207351261616274
APA,2013Q2,259,433.85589300000004,0.17727272727272725,273.50268962794433
APA,2013Q3,295,521.036049,0.3657407407407407,51.355139934300354
APA,2013Q4,297,652.795525,0.31415929203539816,1.6880358659287231
APA,2014Q1,244,580.343518,0.042735042735042805,0.6445352044441504
APA,2014Q2,229,801.0338652,-0.11583011583011582,0.8463132070445334
APA,2014Q3,229,886.223567,-0.22372881355932206,0.7008872393779417
APA,2014Q4,202,877.551066,-0.31986531986531985,0.3442970001977266
APA,2015Q1,121,621.548453,-0.5040983606557377,0.0710009394815021
APA,2015Q2,91,467.05783199999996,-0.6026200873362446,-0.4169312281405404
APA,2015Q3,136,724.495968,-0.4061135371179039,-0.18249074502438734
APA,2015Q4,62,273.223294,-0.693069306930693,-0.6886525416174469
APA,2016Q1,42,208.267755,-0.6528925619834711,-0.6649211272351119
APA,2016Q2,26,160.154796,-0.7142857142857143,-0.6570985753216103
APA,2016Q3,40,195.19989900000002,-0.7058823529411764,-0.7305714488117068
APA,2016Q4,23,189.28844,-0.6290322580645161,-0.307202408591121
APA,2017Q1,43,338.823802,0.023809523809523725,0.6268663480815837
APA,2017Q2,42,401.288319,0.6153846153846154,1.5056278614347582
APA,2017Q3,57,649.322367,0.42500000000000004,2.32644827341842
APA,2017Q4,74,698.587483,2.217391304347826,2.6905977089778963
APA,2018Q1,63,681.451442,0.4651162790697674,1.0112265961763809
APA,2018Q2,66,683.474555,0.5714285714285714,0.7032007228697827
APA,2018Q3,73,816.4289650000001,0.2807017543859649,0.25735536998681585
APA,2018Q4,64,774.821035,-0.1351351351351351,0.10912527615385281
APA,2019Q1,33,455.90714,-0.47619047619047616,-0.3309763368290004
APA,2019Q2,58,667.037787,-0.12121212121212122,-0.024048836755890646
APA,2019Q3,53,700.48228,-0.273972602739726,-0.14201686854654905
APA,2019Q4,57,736.5373430000001,-0.109375,-0.04940972207859584
APA,2020Q1,37,538.950882,0.1212121212121211,0.182150562502706
APA,2020Q3,1,12.87426,-0.9827586206896551,-0.9806993542931024
APA,2020Q4,7,161.802732,-0.8679245283018868,-0.7690123838678689
APA,2021Q1,29,397.02921000000003,-0.49122807017543857,-0.460951689994624
APA,2021Q2,27,441.439487,-0.2702702702702703,-0.18092816665990719
APA,2021Q3,32,553.797022,31.0,42.01583329837987
APA,2021Q4,8,217.289968,0.1428571428571428,0.3429313912944312
APA,2022Q1,11,393.79262099999994,-0.6206896551724138,-0.008152017328901584
APA,2022Q2,11,326.132605,-0.5925925925925926,-0.2612065422230794
APA,2022Q3,16,424.126494,-0.5,-0.23414811356641785
APA,2022Q4,9,307.237671,0.125,0.41395239655058536
APA,2023Q1,17,656.764786,0.5454545454545454,0.6677935313572065
APA,2023Q2,28,676.785536,1.5454545454545454,1.0751851413323115
APA,2023Q3,25,642.523822,0.5625,0.5149344148257808
APA,2023Q4,18,636.8393990000001,1.0,1.072790738607051
APA,2024Q1,32,1017.5053839999999,0.8823529411764706,0.5492690925119119
APA,2024Q2,63,1760.3067110000002,1.25,1.6009815774195273
APA,2024Q3,50,1551.0292200000001,1.0,1.4139637580628102
APA,2024Q4,36,1299.589224,1.0,1.0406859657877416
APA,2025Q1,33,1043.3343479999999,0.03125,0.02538459688386263
APA,2025Q2,57,1304.2740469999999,-0.09523809523809523,-0.25906432166070414
APA,2025Q3,30,716.121916,-0.4,-0.5382924404222378
APA,2025Q4,32,673.91877,-0.11111111111111116,-0.48143708984770717
APA,2026Q1,33,889.554834,0.0,-0.14739236208870587
APA,2026Q2,54,1166.546598,-0.052631578947368474,-0.10559701721949544
AR,2013Q4,30,224.92012599999998,,
AR,2014Q1,35,350.35795200000007,,
AR,2014Q2,49,510.967425,,
AR,2014Q3,49,565.0148774,,
AR,2014Q4,55,618.587317,0.8333333333333333,1.7502532921398064
AR,2015Q1,43,494.605691,0.22857142857142865,0.4117153276429697
AR,2015Q2,34,425.730449,-0.30612244897959184,-0.16681489235835334
AR,2015Q3,21,260.949662,-0.5714285714285714,-0.5381543523229004
AR,2015Q4,35,456.810428,-0.36363636363636365,-0.26152635942259383
AR,2016Q1,34,445.77447800000004,-0.2093023255813954,-0.09872755993015847
AR,2016Q2,29,426.023689,-0.1470588235294118,0.0006887926402463496
AR,2016Q3,32,559.477472,0.5238095238095237,1.144005352265986
AR,2016Q4,33,561.929824,-0.05714285714285716,0.2301160165284144
AR,2017Q1,34,607.70059,0.0,0.36324670879879295
AR,2017Q2,36,603.136606,0.24137931034482762,0.4157349029480848
AR,2017Q3,34,598.2584754,0.0625,0.06931646999362995
AR,2017Q4,34,568.8138759,0.030303030303030276,0.012250732397502961
AR,2018Q1,38,772.661002,0.11764705882352944,0.2714501429067233
AR,2018Q2,56,996.4630113000001,0.5555555555555556,0.6521348586492528
AR,2018Q3,43,784.6345794,0.2647058823529411,0.31153107170840766
AR,2018Q4,30,494.6183883,-0.11764705882352944,-0.130438955066989
AR,2019Q1,33,636.129166287,-0.13157894736842102,-0.1767034124403758
AR,2019Q2,26,528.87679466,-0.5357142857142857,-0.4692459342068105
AR,2019Q3,29,532.861768848,-0.32558139534883723,-0.32087906544283007
AR,2019Q4,34,614.1498554679999,0.1333333333333333,0.24166401815110183
AR,2020Q1,43,715.91546424,0.303030303030303,0.1254246813091464
AR,2020Q2,24,403.43005863999997,-0.07692307692307687,-0.2371946307469326
AR,2020Q3,20,373.901784,-0.31034482758620685,-0.29831373564603325
AR,2020Q4,8,180.49302699999998,-0.7647058823529411,-0.7061091435697577
AR,2021Q1,21,402.68567099999996,-0.5116279069767442,-0.4375234352180364
AR,2021Q2,21,427.744335,-0.125,0.06026887644903223
AR,2021Q3,16,307.664085,-0.19999999999999996,-0.1771526690549302
AR,2021Q4,16,316.082652,1.0,0.7512180789122676
AR,2022Q1,16,356.11102800000003,-0.23809523809523814,-0.1156600454253559
AR,2022Q2,18,406.445156,-0.1428571428571429,-0.049794181377060154
AR,2022Q3,20,406.99265,0.25,0.322847449028703
AR,2022Q4,21,418.118732,0.3125,0.32281455294800554
AR,2023Q1,24,498.58409951,0.5,0.4000804813885177
AR,2023Q2,19,394.303514,0.05555555555555558,-0.02987276836927044
AR,2023Q3,18,420.13687037,-0.09999999999999998,0.03229596497627152
AR,2023Q4,15,330.689573,-0.2857142857142857,-0.20910127269782308
AR,2024Q1,16,399.952655,-0.33333333333333337,-0.19782308462490739
AR,2024Q2,17,403.21575745999996,-0.10526315789473684,0.022602495650089427
AR,2024Q3,10,254.93683689,-0.4444444444444444,-0.3932052745918587
AR,2024Q4,18,460.13161564,0.19999999999999996,0.3914306745922105
AR,2025Q1,20,354.188042,0.25,-0.1144250761380744
AR,2025Q2,16,381.82324671,-0.05882352941176472,-0.053054748863881285
AR,2025Q3,17,408.227736,0.7,0.6012897193673972
AR,2025Q4,21,480.864552,0.16666666666666674,0.045058708541821035
AR,2026Q1,22,444.37327200000004,0.10000000000000009,0.2546252817874637
AR,2026Q2,10,157.475808,-0.375,-0.5875688309789973
BP,2018Q2,1,12.13252,,
BP,2018Q3,4,67.228476,,
BP,2018Q4,2,31.845156,,
BP,2019Q1,5,97.43819199999999,,
BP,2019Q2,16,234.1666497,15.0,18.30074293716392
BP,2019Q3,36,527.20511056,8.0,6.841991101508831
BP,2019Q4,15,198.915463,6.5,5.246333445501099
BP,2020Q1,47,578.069114,8.4,4.932674879681676
BP,2020Q2,28,414.77428699999996,0.75,0.7712782222890555
BP,2020Q3,3,65.769018,-0.9166666666666666,-0.8752496577088568
BP,2021Q1,32,544.4828460020406,1.1333333333333333,1.7372575152794463
BP,2021Q2,23,439.81608700000004,-0.5106382978723405,-0.23916349040575102
BP,2021Q3,24,494.880895,-0.1428571428571429,0.19313301357082446
BP,2021Q4,8,144.758852,1.6666666666666665,1.2010189052845517
BP,2022Q1,19,361.823837,-0.40625,-0.3354724769443994
BP,2022Q2,34,786.625437,0.4782608695652173,0.7885326622898174
BP,2022Q3,13,277.51489200000003,-0.45833333333333337,-0.43922892396159274
BP,2022Q4,24,590.098038,2.0,3.076421095132752
BP,2023Q1,11,315.58684,-0.42105263157894735,-0.12778869790162561
BP,2023Q2,22,483.94453899999996,-0.3529411764705882,-0.38478402014858826
BP,2023Q3,35,645.474069,1.6923076923076925,1.3259078615500024
BP,2023Q4,39,928.251182,0.625,0.5730457012636263
BP,2024Q1,38,855.247108,2.4545454545454546,1.710021457168493
BP,2024Q2,38,825.2224819999999,0.7272727272727273,0.7052005250543802
BP,2024Q3,17,294.892035,-0.5142857142857142,-0.5431388352178714
BP,2024Q4,44,864.55885,0.1282051282051282,-0.0686154062985076
BP,2025Q1,50,1100.8527920000001,0.3157894736842106,0.2871751119677568
BP,2025Q2,48,1417.491425,0.26315789473684204,0.7177082010230547
BP,2025Q3,25,748.613249,0.47058823529411775,1.5386011154896062
BP,2025Q4,46,1220.107328,0.045454545454545414,0.4112484395943665
BP,2026Q1,49,1210.342531093,-0.020000000000000018,0.09945901930637047
BP,2026Q2,30,621.586326896,-0.375,-0.5614884746861872
CHK,2012Q1,428,15.381953999999999,,
CHK,2012Q2,436,31.407642,,
CHK,2012Q3,395,248.068174,,
CHK,2012Q4,285,1064.126196,,
CHK,2013Q1,346,1390.522295,-0.19158878504672894,89.39958739962427
CHK,2013Q2,410,1729.0422370000001,-0.059633027522935755,54.05164115790674
CHK,2013Q3,327,1292.973402,-0.17215189873417724,4.212169627209011
CHK,2013Q4,260,1136.99397,-0.08771929824561409,0.06847662831147905
CHK,2014Q1,223,968.274874,-0.3554913294797688,-0.30366102184647104
CHK,2014Q2,293,1427.571265,-0.2853658536585366,-0.1743572051328669
CHK,2014Q3,303,1735.060782,-0.07339449541284404,0.3419152933201637
CHK,2014Q4,333,1703.527857,0.28076923076923066,0.49827343147651004
CHK,2015Q1,259,1321.442607,0.16143497757847536,0.3647391277861456
CHK,2015Q2,119,823.2688089999999,-0.5938566552901023,-0.42330808332710457
CHK,2015Q3,83,490.418079,-0.7260726072607261,-0.7173481850966072
CHK,2015Q4,84,630.8975092,-0.7477477477477478,-0.6296523672286505
CHK,2016Q1,55,358.78572,-0.7876447876447876,-0.7284893660160301
CHK,2016Q2,131,762.2454620000001,0.10084033613445387,-0.07412323451695335
CHK,2016Q3,95,620.938054,0.14457831325301207,0.26614021910884733
CHK,2016Q4,85,574.176623,0.011904761904761862,-0.0899050723340532
CHK,2017Q1,105,1056.497602,0.9090909090909092,1.9446478583372824
CHK,2017Q2,101,978.469275,-0.2290076335877863,0.2836669075505758
CHK,2017Q3,121,1228.4648419999999,0.27368421052631575,0.9784016039706271
CHK,2017Q4,82,837.254032,-0.03529411764705881,0.4581820270310799
CHK,2018Q1,91,862.9597160000001,-0.1333333333333333,-0.18318819241389994
CHK,2018Q2,78,840.9638239999999,-0.2277227722772277,-0.140531189392738
CHK,2018Q3,104,997.2857034,-0.14049586776859502,-0.1881853926105277
CHK,2018Q4,84,717.8958907,0.024390243902439046,-0.1425590522566752
CHK,2019Q1,85,1001.7485558000001,-0.06593406593406592,0.1608288744268569
CHK,2019Q2,76,1057.098493,-0.02564102564102566,0.25700828362861894
CHK,2019Q3,106,1376.8821192,0.019230769230769162,0.38062955731327497
CHK,2019Q4,70,901.80565,-0.16666666666666663,0.2561788717312128
CHK,2020Q1,84,1122.079351,-0.0117647058823529,0.12012075735303007
CHK,2020Q2,37,454.348251,-0.513157894736842,-0.5701930766067226
CHK,2020Q3,27,349.591032,-0.7452830188679245,-0.7460995192506964
CHK,2020Q4,41,585.2099988,-0.41428571428571426,-0.3510686046378175
CHK,2021Q1,22,346.17418499999997,-0.7380952380952381,-0.6914886770784182
CHK,2021Q2,37,561.0667275999999,0.0,0.23488255179835593
CHK,2021Q3,30,450.1459347,0.11111111111111116,0.2876358187014363
CHK,2021Q4,44,836.1203286,0.07317073170731714,0.42875263634336935
CHK,2022Q1,40,753.2314139,0.8181818181818181,1.1758740152735538
CHK,2022Q2,53,1069.657011,0.43243243243243246,0.9064702260558717
CHK,2022Q3,69,1171.0375076,1.2999999999999998,1.601461920078071
CHK,2022Q4,43,690.460147,-0.022727272727272707,-0.1742095923488589
CHK,2023Q1,55,896.949751,0.375,0.1908023675697097
CHK,2023Q2,41,884.845473,-0.2264150943396226,-0.1727764471222636
CHK,2023Q3,57,964.061237,-0.17391304347826086,-0.17674606428635287
CHK,2023Q4,44,844.6476583,0.023255813953488413,0.2233112395696315
CHK,2024Q1,36,894.333208,-0.34545454545454546,-0.002917156727099579
CHK,2024Q2,16,387.83057,-0.6097560975609756,-0.5616968365277493
CHK,2024Q3,19,588.507876,-0.6666666666666667,-0.3895534293741135
CIVI,2021Q4,12,313.737732,,
CIVI,2022Q2,1,17.403498,,
CIVI,2022Q3,3,66.605952,,
CIVI,2023Q1,1,20.813562,,
CIVI,2023Q2,17,464.406861,0.41666666666666674,0.480239109397272
CIVI,2023Q3,19,447.295195,18.0,24.701453523883533
CIVI,2023Q4,39,1072.7920530000001,12.0,15.106549351625514
CIVI,2024Q1,33,828.6130759999999,32.0,38.81120944122875
CIVI,2024Q2,33,1031.707345,0.9411764705882353,1.2215592223991711
CIVI,2024Q3,25,640.338114,0.3157894736842106,0.43157834279887597
CIVI,2024Q4,16,480.04014499999994,-0.5897435897435898,-0.5525319714500161
CIVI,2025Q1,36,1064.874925,0.09090909090909083,0.28512927908465713
CIVI,2025Q2,38,851.0709919999999,0.1515151515151516,-0.17508487641909742
CIVI,2025Q3,25,657.2780170000001,0.0,0.026454622377827253
CIVI,2025Q4,8,183.86103100000003,-0.5,-0.6169882187665783
CIVI,2026Q1,40,952.5119878319165,0.11111111111111116,-0.10551749743575156
CIVI,2026Q2,38,839.1636252989999,0.0,-0.013991038130694466
CLR,2012Q1,84,0.0,,
CLR,2012Q2,83,5.271409,,
CLR,2012Q3,54,32.895413,,
CLR,2012Q4,90,226.68913592135186,,
CLR,2013Q1,84,227.569461,0.0,inf
CLR,2013Q2,77,226.81895799999998,-0.07228915662650603,42.028146364662646
CLR,2013Q3,104,312.084733,0.9259259259259258,8.487180872299735
CLR,2013Q4,81,264.5981876,-0.09999999999999998,0.16722923895126773
CLR,2014Q1,95,375.1045039,0.13095238095238093,0.6483077397630257
CLR,2014Q2,101,585.3909106,0.3116883116883118,1.5808729383193798
CLR,2014Q3,123,747.010355,0.1826923076923077,1.3936139003633987
CLR,2014Q4,118,891.384648,0.45679012345679015,2.3688237099625544
CLR,2015Q1,103,758.9278698,0.08421052631578951,1.0232438211467714
CLR,2015Q2,57,575.99104904,-0.4356435643564357,-0.01605740948448542
CLR,2015Q3,54,475.369285,-0.5609756097560976,-0.3636376232026931
CLR,2015Q4,14,235.21576000000002,-0.8813559322033898,-0.7361231646430599
CLR,2016Q1,20,384.8783448,-0.8058252427184466,-0.49286571212435937
CLR,2016Q2,23,419.84199,-0.5964912280701755,-0.27109632918819215
CLR,2016Q3,32,523.0089947,-0.40740740740740744,0.10021621338029862
CLR,2016Q4,47,751.61002505,2.357142857142857,2.195406740815326
CLR,2017Q1,64,806.5471829999999,2.2,1.0955899283424686
CLR,2017Q2,86,1188.457976,2.739130434782609,1.8307268074829768
CLR,2017Q3,84,1079.7244145883,1.625,1.0644471233379726
CLR,2017Q4,66,945.57017763,0.4042553191489362,0.25805956029803756
CLR,2018Q1,72,1034.951424,0.125,0.2831876991379936
CLR,2018Q2,115,1448.215466,0.33720930232558133,0.21856682797844273
CLR,2018Q3,88,1036.379903,0.04761904761904767,-0.04014405065095006
CLR,2018Q4,56,709.080115,-0.1515151515151515,-0.2501031316604595
CLR,2019Q1,72,922.2601609000001,0.0,-0.10888555780179299
CLR,2019Q2,86,1096.6770607973,-0.25217391304347825,-0.2427390215446712
CLR,2019Q3,94,1308.21484,0.06818181818181812,0.2622927521202618
CLR,2019Q4,60,608.34423634,0.0714285714285714,-0.14206558120728008
CLR,2020Q1,110,1241.53877592,0.5277777777777777,0.3461914853921779
CLR,2020Q2,10,159.195391,-0.8837209302325582,-0.8548384053148128
CLR,2020Q3,15,198.90877491999998,-0.8404255319148937,-0.8479540448264599
CLR,2020Q4,12,93.8573052207812,-0.8,-0.8457167839947695
CLR,2021Q1,83,980.4905300712,-0.24545454545454548,-0.21026185481428805
CLR,2021Q2,50,645.7469540000001,4.0,3.0563168942497843
CLR,2021Q3,67,648.968128364,3.466666666666667,2.2626420258483386
CLR,2021Q4,50,617.045959529,3.166666666666667,5.574298698194227
CLR,2022Q1,55,736.7813948200001,-0.3373493975903614,-0.24855837744144516
CLR,2022Q2,59,640.0370957014,0.17999999999999994,-0.008842253553394408
CLR,2022Q3,102,1306.3426873600001,0.5223880597014925,1.012953533871058
CLR,2022Q4,48,637.0656569647,-0.040000000000000036,0.03244441864748837
COP,2012Q1,210,0.827558,,
COP,2012Q2,230,30.546120000000002,,
COP,2012Q3,262,236.596114,,
COP,2012Q4,250,364.217848,,
COP,2013Q1,326,561.644434,0.5523809523809524,677.6768226517054
COP,2013Q2,312,533.458864,0.3565217391304347,16.464046628507973
COP,2013Q3,290,591.603774,0.10687022900763354,1.5004796739814585
COP,2013Q4,314,714.960546,0.256,0.9630024995370354
COP,2014Q1,296,692.48256,-0.09202453987730064,0.23295543956196307
COP,2014Q2,300,683.917132,-0.038461538461538436,0.28204286807014256
COP,2014Q3,352,1021.82995,0.21379310344827585,0.7272201343326792
COP,2014Q4,344,987.12233,0.09554140127388533,0.38066685710514725
COP,2015Q1,296,736.702952,0.0,0.06385776993430703
COP,2015Q2,226,678.740504,-0.2466666666666667,-0.007569086600977326
COP,2015Q3,182,744.919052,-0.4829545454545454,-0.27099508876207834
COP,2015Q4,172,826.955332,-0.5,-0.1622564834492195
COP,2016Q1,134,714.9673,-0.5472972972972974,-0.029503956704655554
COP,2016Q2,66,398.719658,-0.7079646017699115,-0.4125595044789018
COP,2016Q3,58,320.777148,-0.6813186813186813,-0.5693798579338791
COP,2016Q4,64,486.37735399999997,-0.627906976744186,-0.41184567632729163
COP,2017Q1,72,627.847,-0.4626865671641791,-0.12185214624501017
COP,2017Q2,94,870.893136,0.4242424242424243,1.1842242250318145
COP,2017Q3,128,1313.948242,1.206896551724138,3.096140420825738
COP,2017Q4,192,1895.43389061,2.0,2.897043879658098
COP,2018Q1,210,2158.731784,1.9166666666666665,2.4383086707430315
COP,2018Q2,184,1850.045494,0.9574468085106382,1.1243082733402092
COP,2018Q3,148,1687.711162,0.15625,0.2844578713626378
COP,2018Q4,128,1337.332628,-0.33333333333333337,-0.2944451217079317
COP,2019Q1,176,2170.8292899999997,-0.16190476190476188,0.005603987530856447
COP,2019Q2,152,2003.26061,-0.17391304347826086,0.08281694504102832
COP,2019Q3,170,1978.3356899999999,0.14864864864864868,0.17220039456016822
COP,2019Q4,136,1842.016934,0.0625,0.37738128527886317
COP,2020Q1,124,1691.826602,-0.2954545454545454,-0.22065424038939496
COP,2020Q2,38,578.277774,-0.75,-0.7113317303233951
COP,2020Q3,30,314.99278000000004,-0.8235294117647058,-0.8407789023914338
COP,2020Q4,142,1631.017618005406,0.044117647058823595,-0.11454797841429298
COP,2021Q1,126,1628.6404380011347,0.016129032258064502,-0.037347896010246906
COP,2021Q2,150,2461.513885003471,2.9473684210526314,3.25662889994363
COP,2021Q3,115,1780.665189321157,2.8333333333333335,4.653034934074225
COP,2021Q4,168,2260.8550532204886,0.18309859154929575,0.3861622512608538
COP,2022Q1,203,2855.7073579999997,0.6111111111111112,0.7534302178477592
COP,2022Q2,188,2725.8004859446337,0.2533333333333334,0.10736750361283875
COP,2022Q3,182,2549.785008,0.5826086956521739,0.4319283733356154
COP,2022Q4,185,2360.367515015,0.10119047619047628,0.0440154098568859
COP,2023Q1,164,2874.396869,-0.1921182266009852,0.006544617027246735
COP,2023Q2,205,2826.005656,0.09042553191489366,0.03676174047662917
COP,2023Q3,161,2681.1086839429963,-0.11538461538461542,0.05150382307957968
COP,2023Q4,187,2945.083933,0.0108108108108107,0.2477226170354594
COP,2024Q1,217,3504.641504,0.32317073170731714,0.21926152292924717
COP,2024Q2,239,3818.2162223,0.1658536585365853,0.35109999309215834
COP,2024Q3,208,3206.678422,0.2919254658385093,0.1960270171830818
COP,2024Q4,177,2755.0963229999998,-0.053475935828877,-0.06451008335319997
COP,2025Q1,244,4159.2881884,0.12442396313364057,0.18679419382918994
COP,2025Q2,292,4082.2306428,0.2217573221757323,0.06914601089326577
COP,2025Q3,232,3315.2417029,0.11538461538461542,0.0338553688936134
COP,2025Q4,224,3707.275312641,0.2655367231638419,0.3456064246073911
COP,2026Q1,200,3450.8814508202,-0.180327868852459,-0.17031922422579493
COP,2026Q2,202,3942.497470276,-0.3082191780821918,-0.03422961237392441
COP,2026Q3,10,235.767900881,-0.9568965517241379,-0.9288836465001141
CPE,2012Q1,1,1.032612,,
CPE,2012Q2,3,11.498956,,
CPE,2012Q3,1,8.5,,
CPE,2012Q4,2,10.857442,,
CPE,2013Q1,4,20.377698000000002,3.0,18.734128598156907
CPE,2013Q2,7,25.886434,1.3333333333333335,1.2511986305539393
CPE,2013Q3,7,32.310544,6.0,2.8012404705882354
CPE,2013Q4,10,74.59065600000001,4.0,5.8700027133462935
CPE,2014Q1,9,71.10654600000001,1.25,2.4894297677784802
CPE,2014Q2,8,47.863422,0.1428571428571428,0.8489770356164159
CPE,2014Q3,8,65.428039,0.1428571428571428,1.0249748503151168
CPE,2014Q4,7,75.37576200000001,-0.30000000000000004,0.010525527486981767
CPE,2015Q1,12,108.680544,0.33333333333333326,0.528418269676606
CPE,2015Q2,8,89.474406,0.0,0.8693691813343392
CPE,2015Q3,9,125.15903399999999,0.125,0.9129265665443527
CPE,2015Q4,6,95.981592,-0.1428571428571429,0.2733747487687088
CPE,2016Q1,10,99.47747000000001,-0.16666666666666663,-0.08468005092061359
CPE,2016Q2,5,59.103314,-0.375,-0.3394388781971909
CPE,2016Q3,9,142.07869200000002,0.0,0.1351852715641768
CPE,2016Q4,7,112.404348,0.16666666666666674,0.1711031840355388
CPE,2017Q1,8,138.433596,-0.19999999999999996,0.39160752680983935
CPE,2017Q2,12,205.27787999999998,1.4,2.4732042267545267
CPE,2017Q3,14,286.378302,0.5555555555555556,1.0156316050544723
CPE,2017Q4,18,226.54556,1.5714285714285716,1.0154519289591892
CPE,2018Q1,9,171.918329,0.125,0.24188299637900035
CPE,2018Q2,20,202.56268899999998,0.6666666666666667,-0.013226904915424886
CPE,2018Q3,19,236.50163099999997,0.3571428571428572,-0.17416358240716168
CPE,2018Q4,19,326.939037,0.05555555555555558,0.44314917052446323
CPE,2019Q1,13,205.75960400000002,0.4444444444444444,0.19684506705506677
CPE,2019Q2,18,256.172277,-0.09999999999999998,0.26465677497004414
CPE,2019Q3,12,198.787516,-0.368421052631579,-0.15946661695538145
CPE,2019Q4,12,189.716715,-0.368421052631579,-0.41971837703797976
CPE,2020Q1,51,773.553495,2.923076923076923,2.7595012818939906
CPE,2020Q2,9,127.271176,-0.5,-0.503181306383126
CPE,2020Q3,12,142.235019,0.0,-0.2844871656829798
CPE,2020Q4,15,202.633763,0.25,0.06808597755869839
CPE,2021Q1,18,248.227481,-0.6470588235294117,-0.6791075438163459
CPE,2021Q2,39,446.814778,3.333333333333333,2.510730332215992
CPE,2021Q3,6,91.497504,-0.5,-0.3567160559805598
CPE,2021Q4,18,257.07765,0.19999999999999996,0.26868122169749187
CPE,2022Q1,16,280.963986,-0.11111111111111116,0.13188106678647715
CPE,2022Q2,28,366.446977,-0.28205128205128205,-0.17986826971063163
CPE,2022Q3,42,563.172089,6.0,5.155054120383436
CPE,2022Q4,17,318.985105,-0.05555555555555558,0.24081227986952558
CPE,2023Q1,35,524.037698,1.1875,0.8651418833444369
CPE,2023Q2,32,419.233269,0.1428571428571428,0.1440489219808736
CPE,2023Q3,15,237.39910099999997,-0.6428571428571428,-0.5784608192825409
CPE,2023Q4,17,408.66089,0.0,0.28112844015083405
CPE,2024Q1,13,330.26334099999997,-0.6285714285714286,-0.36977178882271944
CRK,2012Q1,25,0.0,,
CRK,2012Q2,17,0.0,,
CRK,2012Q3,14,0.0,,
CRK,2012Q4,11,26.527129,,
CRK,2013Q1,17,66.165721,-0.31999999999999995,inf
CRK,2013Q2,21,107.01726,0.23529411764705888,inf
CRK,2013Q3,20,96.636834,0.4285714285714286,inf
CRK,2013Q4,19,90.69942,0.7272727272727273,2.4191193475931754
CRK,2014Q1,31,128.46930600000002,0.8235294117647058,0.9416293521535117
CRK,2014Q2,20,104.72296800000001,-0.04761904761904767,-0.021438523094311934
CRK,2014Q3,20,102.950604,0.0,0.06533502535896418
CRK,2014Q4,11,113.965907,-0.42105263157894735,0.2565229965086877
CRK,2015Q1,16,158.55615,-0.4838709677419355,0.23419480447726548
CRK,2015Q2,5,77.589456,-0.75,-0.25909800417421336
CRK,2015Q3,3,55.203162,-0.85,-0.4637898190475891
CRK,2015Q4,4,84.300468,-0.6363636363636364,-0.2603009951037375
CRK,2016Q2,3,63.496944,-0.8125,-0.5995302358186674
CRK,2016Q4,2,38.780154,-0.6,-0.5001878348006461
CRK,2017Q1,4,75.769302,0.33333333333333326,0.37255365915452443
CRK,2017Q2,5,99.726564,0.25,0.182989446748979
CRK,2017Q3,4,107.438518,0.33333333333333326,0.6920265957996341
CRK,2017Q4,7,174.482278,2.5,3.499267279856599
CRK,2018Q1,9,273.980544,1.25,2.6159834757353315
CRK,2018Q2,9,253.260797,0.8,1.5395520194599306
CRK,2018Q3,11,232.32110500000002,1.75,1.1623632690093513
CRK,2018Q4,6,153.56183800000002,-0.1428571428571429,-0.11990008521094608
CRK,2019Q1,7,234.150194,-0.2222222222222222,-0.14537656367307605
CRK,2019Q2,10,189.544817,0.11111111111111116,-0.251582482384749
CRK,2019Q3,11,258.2206989,0.0,0.11148188151050675
CRK,2019Q4,33,585.472755,4.5,2.8126188291650944
CRK,2020Q1,16,300.465768,1.2857142857142856,0.28321810401745817
CRK,2020Q2,5,80.640403,-0.5,-0.5745575939436001
CRK,2020Q3,12,273.73371900118457,0.09090909090909083,0.06007659404249477
CRK,2020Q4,21,620.265671,-0.36363636363636365,0.05942704541392363
CRK,2021Q1,15,477.14587,-0.0625,0.588020735859667
CRK,2021Q2,24,584.4045940000001,3.8,6.247044561520855
CRK,2021Q3,19,422.229649,0.5833333333333333,0.5424831494660429
CRK,2021Q4,14,475.63271499999996,-0.33333333333333337,-0.23317904369400455
CRK,2022Q1,16,488.99785599999996,0.06666666666666665,0.024839334771984856
CRK,2022Q2,17,583.171156,-0.29166666666666663,-0.0021105891580313063
CRK,2022Q3,18,626.201609,-0.052631578947368474,0.4830829869079136
CRK,2022Q4,19,626.173091,0.3571428571428572,0.31650551203148436
CRK,2023Q1,17,603.275414,0.0625,0.23369746226453803
CRK,2023Q2,24,932.66893769,0.41176470588235303,0.5993056722613352
CRK,2023Q3,17,631.9564330000001,-0.05555555555555558,0.009190049845432702
CRK,2023Q4,18,774.81136986,-0.052631578947368474,0.23737570489115756
CRK,2024Q1,13,395.54741858,-0.23529411764705888,-0.34433360054020035
CRK,2024Q2,13,476.447196,-0.45833333333333337,-0.48915721672896406
CRK,2024Q3,9,399.123202,-0.47058823529411764,-0.3684324090107016
CRK,2024Q4,7,321.003207,-0.6111111111111112,-0.5857014758856705
CRK,2025Q1,12,611.997574,-0.07692307692307687,0.5472167058934367
CRK,2025Q2,15,607.251943,0.15384615384615374,0.274541959944707
CRK,2025Q3,10,435.08462999999995,0.11111111111111116,0.09010107109734
CRK,2025Q4,11,440.500771,0.5714285714285714,0.3722628353678723
CRK,2026Q1,12,618.533846,0.0,0.010680225343507654
CRK,2026Q2,12,480.774634,-0.19999999999999996,-0.20827814625864438
CTRA,2021Q4,25,577.4500308805807,,
CTRA,2022Q1,25,625.3001445427676,,
CTRA,2022Q2,22,527.2677040820587,,
CTRA,2022Q3,27,641.6820673819559,,
CTRA,2022Q4,23,673.364664,-0.07999999999999996,0.1661003168934887
CTRA,2023Q1,35,764.5373745009679,0.3999999999999999,0.22267263357185585
CTRA,2023Q2,25,589.4005119999999,0.13636363636363646,0.1178392066058942
CTRA,2023Q3,44,956.420518121289,0.6296296296296295,0.4904897093718963
CTRA,2023Q4,35,648.98704,0.5217391304347827,-0.03620270754213495
CTRA,2024Q1,29,631.054449,-0.17142857142857137,-0.1745930675895282
CTRA,2024Q2,48,1159.43070256167,0.9199999999999999,0.9671355537636013
CTRA,2024Q3,32,736.691511,-0.2727272727272727,-0.2297410009071177
CTRA,2024Q4,34,706.50261,-0.02857142857142858,0.08862360333112362
CTRA,2025Q1,46,1096.571832,0.5862068965517242,0.7376818018440119
CTRA,2025Q2,71,1465.536313,0.47916666666666674,0.2640137179065676
CTRA,2025Q3,63,1448.6575405043986,0.96875,0.9664371298889565
CTRA,2025Q4,60,1266.710575183,0.7647058823529411,0.7929312040092817
CTRA,2026Q1,64,1397.189992872,0.3913043478260869,0.27414361020354927
CTRA,2026Q2,49,1278.9837455524998,-0.3098591549295775,-0.12729303654415847
CTRA,2026Q3,14,303.68598621900003,-0.7777777777777778,-0.7903673037084654
CVX,2012Q1,98,0.0,,
CVX,2012Q2,113,8.042563,,
CVX,2012Q3,107,30.605275922012275,,
CVX,2012Q4,102,127.06575508002877,,
CVX,2013Q1,125,176.226743,0.2755102040816326,inf
CVX,2013Q2,146,189.86546700000002,0.2920353982300885,22.60758218493284
CVX,2013Q3,168,198.438317,0.5700934579439252,5.483794411971857
CVX,2013Q4,145,153.988025,0.42156862745098045,0.21187667678844702
CVX,2014Q1,92,85.413422,-0.264,-0.5153208840726291
CVX,2014Q2,112,157.686057,-0.23287671232876717,-0.16948532299451813
CVX,2014Q3,83,173.810668,-0.5059523809523809,-0.12410732650993017
CVX,2014Q4,89,207.45563800000002,-0.38620689655172413,0.347219291889743
CVX,2015Q1,85,237.316277,-0.07608695652173914,1.7784424443268416
CVX,2015Q2,100,390.49745099999996,-0.1071428571428571,1.476423460826343
CVX,2015Q3,80,297.83224,-0.03614457831325302,0.7135440731405509
CVX,2015Q4,48,310.485922,-0.4606741573033708,0.49663766669961507
CVX,2016Q1,38,223.313032412,-0.5529411764705883,-0.05900667566936424
CVX,2016Q2,34,264.28669482,-0.6599999999999999,-0.32320507049865477
CVX,2016Q3,18,171.081393284,-0.775,-0.4255779922146776
CVX,2016Q4,37,244.45113849,-0.22916666666666663,-0.21268205361658876
CVX,2017Q1,21,193.59618999999998,-0.4473684210526315,-0.13307258466301297
CVX,2017Q2,30,328.429264,-0.11764705882352944,0.24270071266238413
CVX,2017Q3,22,420.49290099999996,0.22222222222222232,1.4578529139166512
CVX,2017Q4,37,584.468494,0.0,1.3909420001490784
CVX,2018Q1,50,766.330218,1.380952380952381,2.9583951419705112
CVX,2018Q2,43,725.779491,0.43333333333333335,1.209850249519787
CVX,2018Q3,65,992.235313,1.9545454545454546,1.359695753817257
CVX,2018Q4,61,1087.466431,0.6486486486486487,0.8606074444792915
CVX,2019Q1,46,917.217766,-0.07999999999999996,0.19689625236727926
CVX,2019Q2,64,1439.560149,0.4883720930232558,0.9834676604274561
CVX,2019Q3,106,1814.380291,0.6307692307692307,0.8285786317302737
CVX,2019Q4,80,1543.643014,0.3114754098360655,0.41948566870290804
CVX,2020Q1,70,1295.528884,0.5217391304347827,0.41245507012998717
CVX,2020Q2,33,776.80818,-0.484375,-0.4603850484888631
CVX,2020Q3,21,351.56562622,-0.8018867924528301,-0.8062337714072976
CVX,2020Q4,36,651.14455992,-0.55,-0.5781767196077887
CVX,2021Q1,41,704.717488,-0.41428571428571426,-0.456038767870497
CVX,2021Q2,45,980.901416,0.36363636363636354,0.2627331190050033
CVX,2021Q3,59,746.003235,1.8095238095238093,1.1219458882284807
CVX,2021Q4,86,1343.8676,1.3888888888888888,1.0638544537101078
CVX,2022Q1,62,1368.094094,0.5121951219512195,0.9413369432376
CVX,2022Q2,50,1111.245092,0.11111111111111116,0.1328815249666233
CVX,2022Q3,54,1367.939675,-0.0847457627118644,0.8336913445154164
CVX,2022Q4,66,1659.8545290000002,-0.2325581395348837,0.23513248552163923
CVX,2023Q1,75,1707.6008630000229,0.20967741935483875,0.24816039371048038
CVX,2023Q2,84,2006.6112750000002,0.6799999999999999,0.8057324072302854
CVX,2023Q3,132,2304.653311,1.4444444444444446,0.6847623861775922
CVX,2023Q4,101,1783.57755,0.5303030303030303,0.07453847240127609
CVX,2024Q1,113,1924.146297,0.5066666666666666,0.12681267542787267
CVX,2024Q2,125,2129.41831,0.48809523809523814,0.06120120849016941
CVX,2024Q3,180,2627.19646878,0.36363636363636354,0.1399530056171645
CVX,2024Q4,151,2315.2214365199998,0.49504950495049505,0.29807724733920304
CVX,2025Q1,166,2804.9387687403087,0.46902654867256643,0.4577575380383401
CVX,2025Q2,179,3107.5347636,0.43199999999999994,0.45933504422623295
CVX,2025Q3,154,2780.2696644400003,-0.1444444444444445,0.05826484523674913
CVX,2025Q4,123,2192.3265738278,-0.1854304635761589,-0.05308125639892247
CVX,2026Q1,122,1906.9404477498001,-0.2650602409638554,-0.3201489925549418
CVX,2026Q2,108,1948.9578290314998,-0.3966480446927374,-0.3728283101252642
CVX,2026Q3,12,128.9520802078,-0.922077922077922,-0.9536188586822661
CXO,2012Q1,64,3.53871,,
CXO,2012Q2,104,18.681758000000002,,
CXO,2012Q3,104,46.04753797072425,,
CXO,2012Q4,90,115.71336560576857,,
CXO,2013Q1,90,118.39822199999999,0.40625,32.45801775223174
CXO,2013Q2,106,181.9212278,0.019230769230769162,8.737907310436201
CXO,2013Q3,64,130.0995284,-0.3846153846153846,1.8253308240434847
CXO,2013Q4,49,140.8106736,-0.4555555555555556,0.21689204062853973
CXO,2014Q1,63,240.6141758,-0.30000000000000004,1.032244840636205
CXO,2014Q2,58,213.22922540000002,-0.4528301886792453,0.17209645063752155
CXO,2014Q3,59,309.61147900000003,-0.078125,1.3798047756797254
CXO,2014Q4,66,324.539125,0.346938775510204,1.3047906575741286
CXO,2015Q1,88,496.3468916,0.39682539682539675,1.0628331225694976
CXO,2015Q2,71,524.1164836,0.22413793103448265,1.4579955332895937
CXO,2015Q3,43,307.6727248,-0.27118644067796616,-0.006261893797548823
CXO,2015Q4,19,187.414503,-0.7121212121212122,-0.4225210812409752
CXO,2016Q1,57,450.01465199999996,-0.3522727272727273,-0.09334648888531494
CXO,2016Q2,26,271.454804,-0.6338028169014085,-0.4820716148145965
CXO,2016Q3,31,593.0771030000001,-0.2790697674418605,0.9276232671762656
CXO,2016Q4,50,983.934256,1.6315789473684212,4.250043301077932
CXO,2017Q1,47,921.876349,-0.17543859649122806,1.0485474081852786
CXO,2017Q2,35,781.110921,0.34615384615384626,1.8774989776935387
CXO,2017Q3,45,761.063186,0.4516129032258065,0.28324493080286706
CXO,2017Q4,48,909.149993,-0.040000000000000036,-0.0760053454221844
CXO,2018Q1,45,781.471085,-0.04255319148936165,-0.15230379231694557
CXO,2018Q2,49,676.3257159999999,0.3999999999999999,-0.13414894374521236
CXO,2018Q3,77,1112.175476,0.711111111111111,0.4613444671333766
CXO,2018Q4,81,1180.260207,0.6875,0.2982018545756069
CXO,2019Q1,76,1179.048843,0.6888888888888889,0.5087555581151157
CXO,2019Q2,71,1150.158112,0.44897959183673475,0.7005979290605595
CXO,2019Q3,76,1405.65274,-0.012987012987012991,0.26387676255504866
CXO,2019Q4,77,1411.277074,-0.04938271604938271,0.19573384379975112
CXO,2020Q1,69,1346.976004,-0.09210526315789469,0.14242595800588065
CXO,2020Q2,49,829.1396589999999,-0.3098591549295775,-0.2791081066600347
CXO,2020Q3,40,510.227502,-0.4736842105263158,-0.6370173888040086
CXO,2020Q4,56,960.278448,-0.2727272727272727,-0.3195677406717372
CXO,2021Q1,24,457.616681,-0.6521739130434783,-0.6602636723734835
DVN,2012Q1,211,145.388815,,
DVN,2012Q2,246,186.04903960000001,,
DVN,2012Q3,234,363.62269899999995,,
DVN,2012Q4,205,809.706845,,
DVN,2013Q1,246,965.111225,0.16587677725118488,5.638139426337577
DVN,2013Q2,243,1002.5332089999999,-0.012195121951219523,4.38854277966399
DVN,2013Q3,268,1232.6176526,0.14529914529914523,2.3898259266812167
DVN,2013Q4,215,910.535878397,0.04878048780487809,0.12452535633066053
DVN,2014Q1,268,1223.57387607,0.08943089430894302,0.2678060770353179
DVN,2014Q2,217,1050.5495298465,-0.10699588477366251,0.047894992819634385
DVN,2014Q3,193,988.3957767635,-0.2798507462686567,-0.19813270994566312
DVN,2014Q4,189,916.21269244,-0.1209302325581395,0.006234585783696955
DVN,2015Q1,199,825.7162332,-0.2574626865671642,-0.3251602953046693
DVN,2015Q2,136,535.0830186000001,-0.3732718894009217,-0.4906636922885652
DVN,2015Q3,118,532.2641578,-0.3886010362694301,-0.46148681498529065
DVN,2015Q4,111,444.941724,-0.4126984126984127,-0.5143685219912646
DVN,2016Q1,43,299.290688,-0.7839195979899498,-0.6375380839491046
DVN,2016Q2,25,206.081642,-0.8161764705882353,-0.6148604331731637
DVN,2016Q3,16,131.029517,-0.864406779661017,-0.7538261498922219
DVN,2016Q4,47,400.551263,-0.5765765765765766,-0.09976691014933903
DVN,2017Q1,51,522.493524,0.18604651162790709,0.745772738508991
DVN,2017Q2,40,428.611847,0.6000000000000001,1.07981576059065
DVN,2017Q3,41,407.781333,1.5625,2.112133375260782
DVN,2017Q4,67,569.147372,0.42553191489361697,0.420910191962121
DVN,2018Q1,65,602.390136,0.27450980392156854,0.15291407133306412
DVN,2018Q2,75,698.276098,0.875,0.6291572500561331
DVN,2018Q3,67,610.643286,0.6341463414634145,0.4974772913403567
DVN,2018Q4,90,789.835093,0.34328358208955234,0.38775145394152855
DVN,2019Q1,72,663.5564786,0.10769230769230775,0.10153941597742233
DVN,2019Q2,88,880.8762429999999,0.17333333333333334,0.26150135386704854
DVN,2019Q3,94,1042.2297398800001,0.4029850746268657,0.7067734367589529
DVN,2019Q4,67,688.760822,-0.25555555555555554,-0.12796882779175278
DVN,2020Q1,84,866.756163,0.16666666666666674,0.3062281673878302
DVN,2020Q2,20,295.585507,-0.7727272727272727,-0.6644415042988053
DVN,2020Q3,42,611.429871,-0.5531914893617021,-0.4133444406696756
DVN,2020Q4,39,744.67440154,-0.417910447761194,0.08117996516938941
DVN,2021Q1,95,1409.99873448,0.13095238095238093,0.6267536299940908
DVN,2021Q2,90,1284.2962355449613,3.5,3.3449228907727244
DVN,2021Q3,88,1373.6642790014262,1.0952380952380953,1.2466424101177518
DVN,2021Q4,89,1322.685483,1.282051282051282,0.7761930318333259
DVN,2022Q1,57,903.3447120000001,-0.4,-0.35932941646706595
DVN,2022Q2,72,1236.5487640000001,-0.19999999999999996,-0.03717792688592647
DVN,2022Q3,101,1493.8504398,0.1477272727272727,0.08749311067908239
DVN,2022Q4,108,1500.3387336,0.2134831460674158,0.13431254284054162
DVN,2023Q1,122,1827.7907826,1.1403508771929824,1.0233591433255658
DVN,2023Q2,116,1664.19865822,0.6111111111111112,0.34584151201335067
DVN,2023Q3,94,1427.406312,-0.06930693069306926,-0.044478433737245915
DVN,2023Q4,103,1537.5144918,-0.04629629629629628,0.024778243317626236
DVN,2024Q1,118,2016.2697008,-0.032786885245901676,0.10311843127466269
DVN,2024Q2,92,1592.29855666,-0.2068965517241379,-0.043204037693975295
DVN,2024Q3,132,2578.5363494,0.4042553191489362,0.8064487509426115
DVN,2024Q4,97,1911.6029217999999,-0.058252427184465994,0.24330725466011494
DVN,2025Q1,135,2464.388871,0.14406779661016955,0.22225160157006707
DVN,2025Q2,112,2005.252844,0.21739130434782616,0.25934476019761754
DVN,2025Q3,106,1781.7947867999999,-0.19696969696969702,-0.3089898510778776
DVN,2025Q4,117,1913.8484694,0.2061855670103092,0.0011746935382823676
DVN,2026Q1,108,2020.7822502000001,-0.19999999999999996,-0.1800067456967509
DVN,2026Q2,134,2441.2879512,0.1964285714285714,0.21744644746655184
EOG,2012Q1,263,159.29958599999998,,
EOG,2012Q2,262,111.23778999999999,,
EOG,2012Q3,220,69.923905,,
EOG,2012Q4,192,729.511414,,
EOG,2013Q1,243,1191.863053,-0.07604562737642584,6.481896738890459
EOG,2013Q2,252,1383.77165756,-0.03816793893129766,11.439762220734519
EOG,2013Q3,234,1379.53212178,0.06363636363636371,18.729048624787186
EOG,2013Q4,208,1348.25395838,0.08333333333333326,0.8481601966819949
EOG,2014Q1,249,1604.66828198,0.024691358024691468,0.34635290349922454
EOG,2014Q2,228,1759.39584578,-0.09523809523809523,0.2714495460055433
EOG,2014Q3,247,1870.6488175200002,0.05555555555555558,0.3560023634000751
EOG,2014Q4,234,1885.56235038,0.125,0.398521649916463
EOG,2015Q1,151,1396.69858946,-0.39357429718875503,-0.12960291846947103
EOG,2015Q2,110,1085.0738922599999,-0.5175438596491229,-0.3832690381402204
EOG,2015Q3,156,1644.71469292,-0.368421052631579,-0.12077848203466146
EOG,2015Q4,90,1222.5746257199999,-0.6153846153846154,-0.35161272950024025
EOG,2016Q1,94,1085.7221313999999,-0.3774834437086093,-0.22265108621626928
EOG,2016Q2,125,1339.0667685,0.13636363636363646,0.23407887522847126
EOG,2016Q3,147,1482.393683,-0.05769230769230771,-0.09869250309414934
EOG,2016Q4,143,1270.4778722400001,0.5888888888888888,0.03918226790596857
EOG,2017Q1,143,1557.87906758,0.5212765957446808,0.43487824603075076
EOG,2017Q2,136,1490.9421335,0.08800000000000008,0.11341881418663546
EOG,2017Q3,156,1787.06094966,0.061224489795918435,0.2055238565530233
EOG,2017Q4,151,1902.3845605799997,0.05594405594405605,0.4973771697620162
EOG,2018Q1,210,2251.73244786,0.46853146853146854,0.4453833386167949
EOG,2018Q2,194,2482.64956128,0.42647058823529416,0.6651548745570413
EOG,2018Q3,257,2960.2229416,0.6474358974358974,0.6564756463192829
EOG,2018Q4,185,2048.6301087,0.22516556291390732,0.07687486071449867
EOG,2019Q1,258,3231.0843578,0.22857142857142865,0.4349326274845646
EOG,2019Q2,202,2422.3615072000002,0.04123711340206193,-0.024283755154278164
EOG,2019Q3,208,2685.7713825,-0.19066147859922178,-0.0927131383393911
EOG,2019Q4,194,2446.98801646,0.048648648648648596,0.1944508703978709
EOG,2020Q1,263,3469.66540676,0.019379844961240345,0.07383931291798485
EOG,2020Q2,108,1155.92024352,-0.4653465346534653,-0.5228126602556014
EOG,2020Q3,108,1309.4207498,-0.4807692307692307,-0.5124600856454319
EOG,2020Q4,115,1525.4438766,-0.4072164948453608,-0.3766034543941805
EOG,2021Q1,121,1758.06638028,-0.5399239543726235,-0.4933037701979178
EOG,2021Q2,145,2078.686176,0.34259259259259256,0.7982955032174193
EOG,2021Q3,129,1965.8856839999999,0.19444444444444442,0.5013399507379639
EOG,2021Q4,151,2221.256352,0.31304347826086953,0.4561377092095109
EOG,2022Q1,148,2111.5743869999997,0.22314049586776852,0.20107773556519404
EOG,2022Q2,155,2103.4973379000003,0.06896551724137923,0.011935982538616718
EOG,2022Q3,142,2123.756796,0.10077519379844957,0.08030533681835395
EOG,2022Q4,157,2601.138837,0.039735099337748325,0.1710214512872219
EOG,2023Q1,193,3062.6887619999998,0.30405405405405395,0.4504290167827274
EOG,2023Q2,169,2848.977516,0.0903225806451613,0.3544003430231295
EOG,2023Q3,187,3254.00124,0.31690140845070425,0.532191089925534
EOG,2023Q4,216,3030.370602,0.37579617834394896,0.16501686065133314
EOG,2024Q1,185,3308.605188,-0.041450777202072575,0.08029429207798833
EOG,2024Q2,194,3561.36273227,0.14792899408284033,0.2500494343213342
EOG,2024Q3,188,3414.091758,0.005347593582887722,0.04919805070510663
EOG,2024Q4,161,3136.950726,-0.25462962962962965,0.03517065666148511
EOG,2025Q1,158,3362.709714,-0.1459459459459459,0.01635266915382716
EOG,2025Q2,158,3266.6450879999998,-0.18556701030927836,-0.08275417766337667
EOG,2025Q3,130,2488.2207,-0.3085106382978723,-0.2711910293068345
EOG,2025Q4,92,2196.257322,-0.4285714285714286,-0.29987509724116723
EOG,2026Q1,39,862.994034,-0.7531645569620253,-0.7433635052091803
EOG,2026Q2,17,448.68516,-0.8924050632911392,-0.8626464926819746
EQT,2012Q1,23,39.61934,,
EQT,2012Q2,30,107.03717800000001,,
EQT,2012Q3,25,161.253205,,
EQT,2012Q4,19,176.63773300000003,,
EQT,2013Q1,37,289.456283,0.6086956521739131,6.305933995871713
EQT,2013Q2,25,194.132162,-0.16666666666666663,0.8136890903457858
EQT,2013Q3,34,253.06625400000001,0.3600000000000001,0.5693719327935218
EQT,2013Q4,43,288.31125299999997,1.263157894736842,0.6322178059203236
EQT,2014Q1,46,350.625731,0.2432432432432432,0.2113253420033725
EQT,2014Q2,43,440.300289,0.72,1.2680440194139497
EQT,2014Q3,36,365.380234,0.05882352941176472,0.44381255194934033
EQT,2014Q4,45,431.70621800000004,0.04651162790697683,0.497361665588544
EQT,2015Q1,57,609.62913,0.23913043478260865,0.7386890809790572
EQT,2015Q2,68,610.312531,0.5813953488372092,0.38612793642749565
EQT,2015Q3,65,605.0718750000001,0.8055555555555556,0.6560060416404467
EQT,2015Q4,59,560.582778,0.3111111111111111,0.2985283848749196
EQT,2016Q1,35,343.179035,-0.38596491228070173,-0.437069165313672
EQT,2016Q2,35,298.774968,-0.4852941176470589,-0.5104557864632802
EQT,2016Q3,15,169.878395,-0.7692307692307692,-0.719242618903746
EQT,2016Q4,14,192.962364,-0.7627118644067796,-0.6557825684755516
EQT,2017Q1,17,247.052307,-0.5142857142857142,-0.28010664462647017
EQT,2017Q2,19,252.35832299999998,-0.4571428571428572,-0.1553565391060473
EQT,2017Q3,56,640.707308,2.7333333333333334,2.7715644064096554
EQT,2017Q4,52,649.8619190000001,2.7142857142857144,2.367816943826414
EQT,2018Q1,50,679.25639,1.9411764705882355,1.7494436228842822
EQT,2018Q2,77,1279.667268,3.052631578947368,4.070834410323768
EQT,2018Q3,58,971.0518,0.03571428571428581,0.5155934509802718
EQT,2018Q4,59,916.084951,0.13461538461538458,0.40966092059934955
EQT,2019Q1,38,688.332358,-0.24,0.013361623289255942
EQT,2019Q2,50,844.810665,-0.35064935064935066,-0.3398200562554359
EQT,2019Q3,34,666.592232,-0.4137931034482759,-0.31353586698464486
EQT,2019Q4,35,782.675053,-0.4067796610169492,-0.14563048749394858
EQT,2020Q1,23,534.151002,-0.39473684210526316,-0.22399260213189054
EQT,2020Q2,32,726.7318339999999,-0.36,-0.1397695790215906
EQT,2020Q3,24,603.209838,-0.2941176470588235,-0.09508420734191814
EQT,2020Q4,19,562.654554,-0.4571428571428572,-0.28111346868238574
EQT,2021Q1,27,661.9510379999999,0.17391304347826098,0.23925825379243593
EQT,2021Q2,21,465.54366600000003,-0.34375,-0.3594010276973775
EQT,2021Q3,24,600.604242,0.0,-0.0043195515654039784
EQT,2021Q4,12,326.738874,-0.368421052631579,-0.41929044797174075
EQT,2022Q1,25,702.541896,-0.07407407407407407,0.06132003074221326
EQT,2022Q2,18,500.62105023000004,-0.1428571428571429,0.07534714097044559
EQT,2022Q3,14,367.526174694,-0.41666666666666663,-0.3880726292073041
EQT,2022Q4,5,190.334490024,-0.5833333333333333,-0.41747216150350086
EQT,2023Q1,33,1034.767910245941,0.32000000000000006,0.4728913907305836
EQT,2023Q2,40,1079.5997866839753,1.2222222222222223,1.1565209576943984
EQT,2023Q3,27,762.960558906,0.9285714285714286,1.0759352977818142
EQT,2023Q4,26,751.07208388,4.2,2.9460640254180657
EQT,2024Q1,30,977.5516718700001,-0.09090909090909094,-0.055293788886767836
EQT,2024Q2,37,1142.1088988314,-0.07499999999999996,0.05790026352211819
EQT,2024Q3,33,819.095842908,0.22222222222222232,0.07357560406856645
EQT,2024Q4,34,887.2009066892094,0.3076923076923077,0.18124601583642264
EQT,2025Q1,24,809.4790873059109,-0.19999999999999996,-0.1719321744318395
EQT,2025Q2,35,801.3227514652197,-0.05405405405405406,-0.2983832344839191
EQT,2025Q3,20,513.92846546,-0.3939393939393939,-0.37256614117900744
EQT,2025Q4,34,964.94479765,0.0,0.08762828168301762
EQT,2026Q1,41,876.4261764099999,0.7083333333333333,0.08270391434928936
EQT,2026Q2,23,584.8666535,-0.34285714285714286,-0.2701234896543614
EXE,2024Q4,33,1145.263257,,
EXE,2025Q1,28,801.676595,,
EXE,2025Q2,24,673.1319,,
EXE,2025Q3,24,545.665218,,
EXE,2025Q4,12,456.97247400000003,-0.6363636363636364,-0.6009891427085223
FANG,2012Q2,1,1.117326,,
FANG,2012Q3,1,1.336692,,
FANG,2012Q4,10,15.934212,,
FANG,2013Q1,22,42.235678,,
FANG,2013Q2,16,50.52575,15.0,44.220240108974465
FANG,2013Q3,13,71.921688,12.0,52.80572936772271
FANG,2013Q4,15,71.578349,0.5,3.4921172757083943
FANG,2014Q1,19,138.263938,-0.13636363636363635,2.2736289447040483
FANG,2014Q2,26,209.913536,0.625,3.1545852560328145
FANG,2014Q3,24,215.488997,0.8461538461538463,1.9961615611691426
FANG,2014Q4,27,274.267085,0.8,2.831704542388928
FANG,2015Q1,18,176.00032399999998,-0.052631578947368474,0.2729300679979185
FANG,2015Q2,19,189.28882199999998,-0.2692307692307693,-0.09825337800035927
FANG,2015Q3,19,260.231519,-0.20833333333333337,0.2076325131347656
FANG,2015Q4,16,218.104269,-0.40740740740740744,-0.20477417477930326
FANG,2016Q1,8,73.91937,-0.5555555555555556,-0.5800043527192598
FANG,2016Q2,19,286.46135300000003,0.0,0.513355886381923
FANG,2016Q3,30,421.994778,0.5789473684210527,0.6216128608156801
FANG,2016Q4,25,385.021278,0.5625,0.7653083076516949
FANG,2017Q1,29,377.639682,2.625,4.108805472773915
FANG,2017Q2,54,671.952031,1.8421052631578947,1.345698726766818
FANG,2017Q3,41,756.603837,0.3666666666666667,0.7929222740287085
FANG,2017Q4,42,731.56317,0.6799999999999999,0.9000590663459385
FANG,2018Q1,42,779.278679,0.4482758620689655,1.0635508293855622
FANG,2018Q2,42,830.7506629999999,-0.2222222222222222,0.23632435750462055
FANG,2018Q3,51,910.985041,0.24390243902439024,0.2040449657407699
FANG,2018Q4,30,745.061832,-0.2857142857142857,0.01845180642431732
FANG,2019Q1,44,898.823745,0.04761904761904767,0.15340476933541258
FANG,2019Q2,62,1315.137709,0.4761904761904763,0.5830715129986002
FANG,2019Q3,66,1340.61274573,0.2941176470588236,0.47160785895934354
FANG,2019Q4,75,1617.958849,1.5,1.171576612181095
FANG,2020Q1,63,1461.553345,0.4318181818181819,0.6260733576859387
FANG,2020Q2,9,207.20950399999998,-0.8548387096774194,-0.842442732360281
FANG,2020Q3,55,953.520065,-0.16666666666666663,-0.28874310046874685
FANG,2020Q4,54,1134.240021,-0.28,-0.29896856047913
FANG,2021Q1,70,1451.449441,0.11111111111111116,-0.006913127074400505
FANG,2021Q2,59,1089.034913,5.555555555555555,4.255718931695334
FANG,2021Q3,59,1171.055695,0.07272727272727275,0.2281395410383944
FANG,2021Q4,87,1324.2947399999998,0.6111111111111112,0.16756128815877824
FANG,2022Q1,67,1233.9496207223513,-0.042857142857142816,-0.14985008373960218
FANG,2022Q2,57,1201.575108,-0.03389830508474578,0.10333938210482341
FANG,2022Q3,74,1714.5453459999999,0.2542372881355932,0.46410230813146747
FANG,2022Q4,84,1488.638534,-0.03448275862068961,0.12409910651763223
FANG,2023Q1,91,1978.3068039999998,0.3582089552238805,0.6032314211028353
FANG,2023Q2,97,2063.400059402056,0.7017543859649122,0.7172460095620221
FANG,2023Q3,68,1708.080854003234,-0.08108108108108103,-0.0037703826334178903
FANG,2023Q4,88,1965.7192810059378,0.04761904761904767,0.3204812559325687
FANG,2024Q1,101,2160.240527,0.10989010989010994,0.09196436196455604
FANG,2024Q2,71,1883.5695520019985,-0.2680412371134021,-0.0871525163434228
FANG,2024Q3,87,2110.578761100462,0.27941176470588225,0.23564335737028652
FANG,2024Q4,114,2753.58399,0.2954545454545454,0.40080224913441365
FANG,2025Q1,129,3089.240108887976,0.27722772277227725,0.430044511375828
FANG,2025Q2,110,2774.1433238108657,0.5492957746478873,0.4728117264702536
FANG,2025Q3,151,3340.304895941562,0.735632183908046,0.5826487774376716
FANG,2025Q4,142,3323.0016364610397,0.2456140350877194,0.20679145743473026
FANG,2026Q1,117,2772.4663927599313,-0.09302325581395354,-0.10254098255964728
FANG,2026Q2,108,2717.0545118599002,-0.018181818181818188,-0.020578897802778995
HES,2012Q1,83,57.951562642,,
HES,2012Q2,90,34.524714,,
HES,2012Q3,71,23.71033229266667,,
HES,2012Q4,57,99.86972235066665,,
HES,2013Q1,50,98.79107,-0.3975903614457831,0.7047179661105782
HES,2013Q2,55,94.676315,-0.38888888888888884,1.742276590618535
HES,2013Q3,46,89.168961,-0.352112676056338,2.7607638686522717
HES,2013Q4,60,112.557759,0.05263157894736836,0.12704587887791052
HES,2014Q1,44,80.804466,-0.12,-0.18206710383843394
HES,2014Q2,57,175.636132,0.036363636363636376,0.8551221812974026
HES,2014Q3,69,177.049736,0.5,0.9855534259281098
HES,2014Q4,96,239.236984,0.6000000000000001,1.1254597295242879
HES,2015Q1,85,195.79598,0.9318181818181819,1.4230836449064581
HES,2015Q2,81,262.634582,0.42105263157894735,0.49533344312091776
HES,2015Q3,50,153.845674,-0.2753623188405797,-0.13105956848193212
HES,2015Q4,40,126.762942,-0.5833333333333333,-0.4701365153474766
HES,2016Q1,34,108.68582,-0.6,-0.4449026992280434
HES,2016Q2,25,76.111855,-0.691358024691358,-0.7101986554078397
HES,2016Q3,28,70.97478100000001,-0.43999999999999995,-0.5386624845882895
HES,2016Q4,16,39.725574,-0.6,-0.6866152412272034
HES,2017Q1,11,40.940382,-0.6764705882352942,-0.6233144121284635
HES,2017Q2,14,51.733897999999996,-0.43999999999999995,-0.32029119511014426
HES,2017Q3,21,104.57463899999999,-0.25,0.47340558895137663
HES,2017Q4,25,116.39242300000001,0.5625,1.9299116735229553
HES,2018Q1,25,146.854253,1.272727272727273,2.5870269358991327
HES,2018Q2,24,158.71695499999998,0.7142857142857142,2.067948891073315
HES,2018Q3,38,247.04082899999997,0.8095238095238095,1.3623397734129399
HES,2018Q4,34,261.94523300000003,0.3600000000000001,1.2505350971171039
HES,2019Q1,24,161.521901,-0.040000000000000036,0.09987894596420044
HES,2019Q2,45,340.953674,0.875,1.148186839899997
HES,2019Q3,43,341.96002899999996,0.13157894736842102,0.3842247469142035
HES,2019Q4,42,286.026148,0.23529411764705888,0.09193110607208466
HES,2020Q1,51,381.6340300004106,1.125,1.3627385985285705
HES,2020Q2,32,248.426259001401,-0.28888888888888886,-0.2713782606096774
HES,2020Q3,16,121.566901,-0.627906976744186,-0.6444996763057357
HES,2020Q4,9,77.7279300003573,-0.7857142857142857,-0.7282488662527549
HES,2021Q1,10,79.79090800108773,-0.803921568627451,-0.7909229740309011
HES,2021Q2,14,142.16604800259358,-0.5625,-0.42773341041297963
HES,2021Q3,26,260.3077419735363,0.625,1.1412715124944763
HES,2021Q4,13,123.38746400197726,0.4444444444444444,0.5874276338172144
HES,2022Q1,16,149.5871160014503,0.6000000000000001,0.8747388612172593
HES,2022Q2,19,173.34897636320602,0.3571428571428572,0.2193415994798107
HES,2022Q3,26,334.1966124071425,0.0,0.2838519894699021
HES,2022Q4,14,208.1905673948496,0.07692307692307687,0.6872910800039895
HES,2023Q1,26,274.3497525958344,0.625,0.8340466741345187
HES,2023Q2,28,334.43706438130715,0.4736842105263157,0.9292704889158647
HES,2023Q3,41,498.5226162104916,0.5769230769230769,0.4917045765956338
HES,2023Q4,32,300.6159958724697,1.2857142857142856,0.4439462826494347
HES,2024Q1,22,185.07545818,-0.15384615384615385,-0.32540322552195333
HES,2024Q2,38,350.38978548,0.3571428571428572,0.04770021865909091
HPK,2020Q3,3,79.601816,,
HPK,2020Q4,7,150.12694199999999,,
HPK,2021Q1,6,149.184832,,
HPK,2021Q2,5,131.980933,,
HPK,2021Q3,8,162.062555,1.6666666666666665,1.0359152987163007
HPK,2021Q4,8,201.806944,0.1428571428571428,0.34424202152868744
HPK,2022Q1,15,376.897338,1.5,1.5263784055472875
HPK,2022Q2,24,590.281347,3.8,3.4724744217409045
HPK,2022Q3,27,663.0308279999999,2.375,3.0912031036410594
HPK,2022Q4,26,464.35790699999995,2.25,1.3010006385112298
HPK,2023Q1,32,703.641255,1.1333333333333333,0.8669308165822069
HPK,2023Q2,33,563.391312,0.375,-0.04555460736928896
HPK,2023Q3,16,376.80661000000003,-0.40740740740740744,-0.43169066340909257
HPK,2023Q4,23,421.710744,-0.11538461538461542,-0.09184114743630278
HPK,2024Q1,11,197.75859599999998,-0.65625,-0.7189496855183684
HPK,2024Q2,19,402.56735399999997,-0.4242424242424242,-0.2854569365457308
HPK,2024Q3,15,315.923244,-0.0625,-0.16157722392396467
HPK,2024Q4,15,331.938012,-0.34782608695652173,-0.2128775073371144
HPK,2025Q1,21,388.081375,0.9090909090909092,0.962399525732879
HPK,2025Q2,12,330.754032,-0.368421052631579,-0.17838833995466008
HPK,2025Q3,4,92.59311600000001,-0.7333333333333334,-0.7069126195728732
HPK,2025Q4,13,349.780452,-0.1333333333333333,0.05375232529861629
HPK,2026Q1,2,32.809602,-0.9047619047619048,-0.9154569012748937
MRO,2012Q1,89,0.0,,
MRO,2012Q2,113,0.107394,,
MRO,2012Q3,124,7.529471000000001,,
MRO,2012Q4,104,223.021487,,
MRO,2013Q1,108,259.46097,0.2134831460674158,inf
MRO,2013Q2,110,271.121808,-0.026548672566371723,2523.552656572993
MRO,2013Q3,110,275.33353,-0.11290322580645162,35.56744677016486
MRO,2013Q4,121,372.289808,0.16346153846153855,0.6693001782379828
MRO,2014Q1,89,373.829398,-0.17592592592592593,0.44079241667831615
MRO,2014Q2,139,504.322811,0.26363636363636367,0.8601336968068611
MRO,2014Q3,136,479.360576,0.23636363636363633,0.7410177975780865
MRO,2014Q4,146,599.3725034,0.20661157024793386,0.6099621599095726
MRO,2015Q1,139,497.52704700000004,0.5617977528089888,0.3308933156723004
MRO,2015Q2,70,247.629389,-0.49640287769784175,-0.5089863404969005
MRO,2015Q3,105,353.817588,-0.2279411764705882,-0.26189677308798953
MRO,2015Q4,91,348.548132,-0.37671232876712324,-0.41847827515805924
MRO,2016Q1,64,234.10324400000002,-0.539568345323741,-0.5294662965328194
MRO,2016Q2,36,211.65263339999998,-0.48571428571428577,-0.14528467620618335
MRO,2016Q3,53,399.88836299999997,-0.49523809523809526,0.1302105281436714
MRO,2016Q4,62,405.62449,-0.31868131868131866,0.16375459444436213
MRO,2017Q1,66,469.07638,0.03125,1.003715847696668
MRO,2017Q2,84,577.365597,1.3333333333333335,1.7278923381446574
MRO,2017Q3,91,766.888719,0.7169811320754718,0.9177570291036454
MRO,2017Q4,78,828.446283,0.25806451612903225,1.0423971023051397
MRO,2018Q1,84,750.5143889999999,0.2727272727272727,0.5999833310728628
MRO,2018Q2,98,788.435473,0.16666666666666674,0.3655740437198236
MRO,2018Q3,103,773.4633719999999,0.13186813186813184,0.008573151276202173
MRO,2018Q4,92,733.759711,0.17948717948717952,-0.11429415997512538
MRO,2019Q1,110,891.6421419,0.30952380952380953,0.1880413686512279
MRO,2019Q2,94,919.0272521291,-0.04081632653061229,0.16563407355607396
MRO,2019Q3,103,1017.9157427166,0.0,0.31604905877378786
MRO,2019Q4,80,761.338609246,-0.13043478260869568,0.037585735265314835
MRO,2020Q1,81,888.2834413310001,-0.26363636363636367,-0.003766870598828853
MRO,2020Q2,12,94.44979406,-0.8723404255319149,-0.8972285165198428
MRO,2020Q3,32,380.453573,-0.6893203883495146,-0.6262425689727025
MRO,2020Q4,50,543.713683,-0.375,-0.2858451201647678
MRO,2021Q1,33,306.272989,-0.5925925925925926,-0.6552080397433933
MRO,2021Q2,67,707.211022,4.583333333333333,6.487692578246792
MRO,2021Q3,73,769.561001,1.28125,1.022746152524634
MRO,2021Q4,44,391.285215,-0.12,-0.2803469413514833
MRO,2022Q1,69,877.415645,1.0909090909090908,1.8648156269503744
MRO,2022Q2,58,667.727175,-0.13432835820895528,-0.055830361478727
MRO,2022Q3,69,918.3729639999999,-0.0547945205479452,0.19337253681855926
MRO,2022Q4,29,394.373194,-0.34090909090909094,0.00789188776274119
MRO,2023Q1,65,756.893364,-0.05797101449275366,-0.1373605333877994
MRO,2023Q2,89,1323.296631,0.5344827586206897,0.9817923854903763
MRO,2023Q3,77,965.513575,0.11594202898550732,0.051330573577294425
MRO,2023Q4,36,513.159682,0.24137931034482762,0.3012032506448701
MRO,2024Q1,73,1115.677088,0.12307692307692308,0.47402149505435465
MRO,2024Q2,105,1773.796355,0.1797752808988764,0.3404374449737415
MRO,2024Q3,79,1119.77736,0.025974025974025983,0.1597738126053796
MRO,2024Q4,9,61.072924,-0.75,-0.8809865113292357
MTDR,2012Q1,4,8.309009,,
MTDR,2012Q2,6,5.902847,,
MTDR,2012Q3,6,0.0,,
MTDR,2012Q4,7,41.687746,,
MTDR,2013Q1,4,29.918448,0.0,2.600723985255041
MTDR,2013Q2,10,60.684484,0.6666666666666667,9.280544964150348
MTDR,2013Q3,7,41.139239,0.16666666666666674,inf
MTDR,2013Q4,10,62.346619999999994,0.4285714285714286,0.49556226906583056
MTDR,2014Q1,12,97.915901,2.0,2.27276003755275
MTDR,2014Q2,8,72.169618,-0.19999999999999996,0.18925981145361637
MTDR,2014Q3,15,134.126763,1.1428571428571428,2.2603122046083546
MTDR,2014Q4,12,95.45124799999999,0.19999999999999996,0.5309771083019417
MTDR,2015Q1,13,87.19505899999999,0.08333333333333326,-0.10949030638037038
MTDR,2015Q2,10,62.535328,0.25,-0.13349509484725275
MTDR,2015Q3,4,19.838075,-0.7333333333333334,-0.852094581601138
MTDR,2015Q4,12,75.83978400000001,0.0,-0.2054605299660407
MTDR,2016Q1,6,32.476319000000004,-0.5384615384615384,-0.6275440446688612
MTDR,2016Q2,13,102.139804575,0.30000000000000004,0.6333136459282664
MTDR,2016Q3,11,85.516937,1.75,3.31074774140132
MTDR,2016Q4,7,62.3042208,-0.41666666666666663,-0.17847576148159916
MTDR,2017Q1,13,100.9294975,1.1666666666666665,2.107787477392373
MTDR,2017Q2,18,141.55312,0.3846153846153846,0.38587615855539736
MTDR,2017Q3,18,122.053433,0.6363636363636365,0.4272428045452563
MTDR,2017Q4,22,172.495755,2.142857142857143,1.7686046432347005
MTDR,2018Q1,17,121.271335,0.3076923076923077,0.20154501908621913
MTDR,2018Q2,25,208.767124,0.38888888888888884,0.4748323738819744
MTDR,2018Q3,18,132.926955,0.0,0.08908821106244513
MTDR,2018Q4,21,196.845579,-0.045454545454545414,0.1411618738095901
MTDR,2019Q1,20,205.687036,0.17647058823529416,0.6960894839658525
MTDR,2019Q2,23,280.77635300000003,-0.07999999999999996,0.3449260957390974
MTDR,2019Q3,28,331.884871,0.5555555555555556,1.4967462092244572
MTDR,2019Q4,14,195.78522400000003,-0.33333333333333337,-0.005386735152431155
MTDR,2020Q1,18,292.11213000000004,-0.09999999999999998,0.4201776430868498
MTDR,2020Q2,15,300.696941,-0.34782608695652173,0.07094823971874842
MTDR,2020Q3,12,266.98283599999996,-0.5714285714285714,-0.19555587093935356
MTDR,2020Q4,5,120.700946,-0.6428571428571428,-0.38350329236285985
MTDR,2021Q1,19,530.3179361845052,0.05555555555555558,0.8154601665617418
MTDR,2021Q2,6,103.370246,-0.6,-0.6562311353875728
MTDR,2021Q3,13,276.123348,0.08333333333333326,0.034236328211001865
MTDR,2021Q4,18,370.331031,2.6,2.068170078799548
MTDR,2022Q1,26,553.8016480018032,0.368421052631579,0.04428232615750649
MTDR,2022Q2,6,127.35036000000001,0.0,0.23198275062632634
MTDR,2022Q3,27,511.7316940017251,1.076923076923077,0.85327208911622
MTDR,2022Q4,22,415.918825,0.22222222222222232,0.12310011903917406
MTDR,2023Q1,34,623.421546,0.3076923076923077,0.12571269560030296
MTDR,2023Q2,20,516.124176,2.3333333333333335,3.052789297179843
MTDR,2023Q3,29,556.949942,0.07407407407407418,0.08836319604257792
MTDR,2023Q4,22,462.123338,0.0,0.11109021814533149
MTDR,2024Q1,40,771.823843,0.17647058823529416,0.2380448637878807
MTDR,2024Q2,28,557.837879,0.3999999999999999,0.0808210600078536
MTDR,2024Q3,44,890.5731559999999,0.5172413793103448,0.5990183117749566
MTDR,2024Q4,27,652.4089700065724,0.2272727272727273,0.41176373569467395
MTDR,2025Q1,43,1062.5629133645186,0.07499999999999996,0.376690967765968
MTDR,2025Q2,30,653.6871483004443,0.0714285714285714,0.17182280535030547
MTDR,2025Q3,42,1025.5373351864605,-0.045454545454545414,0.15154754921274605
MTDR,2025Q4,28,588.3603330808342,0.03703703703703698,-0.09817252654434383
MTDR,2026Q1,37,739.525065002,-0.13953488372093026,-0.3040176203210836
MTDR,2026Q2,36,1052.1706072880002,0.19999999999999996,0.6095935341907732
MTDR,2026Q3,4,91.433518,-0.9047619047619048,-0.9108433063693622
MUR,2012Q1,13,0.0,,
MUR,2012Q2,24,0.0,,
MUR,2012Q3,31,8.89744,,
MUR,2012Q4,44,377.598333,,
MUR,2013Q1,50,403.94405340000003,2.8461538461538463,inf
MUR,2013Q2,50,383.2937398,1.0833333333333335,inf
MUR,2013Q3,26,239.884271,-0.16129032258064513,25.9610439632074
MUR,2013Q4,45,404.559531,0.022727272727272707,0.07140179297348737
MUR,2014Q1,42,386.26784999999995,-0.16000000000000003,-0.04375903853818208
MUR,2014Q2,47,388.321093,-0.06000000000000005,0.013116189172886594
MUR,2014Q3,57,440.464762,1.1923076923076925,0.8361552433756692
MUR,2014Q4,44,350.498552,-0.022222222222222254,-0.13362923094747203
MUR,2015Q1,40,297.75730899999996,-0.04761904761904767,-0.22914291468989723
MUR,2015Q2,33,332.375503,-0.2978723404255319,-0.1440704381206509
MUR,2015Q3,26,265.551376,-0.543859649122807,-0.39711096344183827
MUR,2015Q4,25,241.324074,-0.43181818181818177,-0.3114833923764684
MUR,2016Q1,9,77.92092,-0.775,-0.7383072803092803
MUR,2016Q2,8,92.030611,-0.7575757575757576,-0.7231125333565873
MUR,2016Q3,17,209.98700100000002,-0.34615384615384615,-0.20924152545155705
MUR,2016Q4,17,209.318971,-0.31999999999999995,-0.1326229185075004
MUR,2017Q1,15,157.703529,0.6666666666666667,1.023892030535574
MUR,2017Q2,21,256.08368099999996,1.625,1.7825924246009839
MUR,2017Q3,32,406.698982,0.8823529411764706,0.9367817058352101
MUR,2017Q4,9,136.057424,-0.47058823529411764,-0.3499995564186106
MUR,2018Q1,14,212.61124015114842,-0.06666666666666665,0.3481704658057996
MUR,2018Q2,20,286.77891192585605,-0.04761904761904767,0.11986406476973488
MUR,2018Q3,11,159.89009121839229,-0.65625,-0.6068588850847129
MUR,2018Q4,8,78.499151,-0.11111111111111116,-0.4230439714925075
MUR,2019Q1,17,293.7938559823101,0.2142857142857142,0.38183595454994657
MUR,2019Q2,32,454.274252,0.6000000000000001,0.5840573804724116
MUR,2019Q3,37,451.444252,2.3636363636363638,1.823466098242303
MUR,2019Q4,2,21.948748,-0.75,-0.7203950906424452
MUR,2020Q1,15,142.25736756,-0.11764705882352944,-0.5157918905949974
MUR,2020Q2,9,107.544019,-0.71875,-0.7632619094599269
MUR,2021Q1,19,259.22967,-0.4864864864864865,-0.4257770060166809
MUR,2021Q4,4,46.923576,1.0,1.1378702785234038
MUR,2022Q1,5,38.82889,-0.6666666666666667,-0.7270518169568749
MUR,2022Q2,18,136.693244,1.0,0.27104459430700634
MUR,2022Q3,4,0.074893,-0.7894736842105263,-0.9997110940271613
MUR,2023Q1,11,163.22586,1.75,2.4785469035863765
MUR,2023Q2,18,287.145575,2.6,6.395152810188496
MUR,2023Q3,3,63.423444,-0.8333333333333334,-0.5360162496399602
MUR,2024Q2,11,180.74263200000001,1.75,2412.344798579307
MUR,2024Q3,7,157.54393199999998,-0.36363636363636365,-0.03481021941008633
MUR,2025Q1,5,86.46728999999999,-0.7222222222222222,-0.6988729845479946
MUR,2025Q2,23,384.073939,6.666666666666667,5.055709289454542
MUR,2025Q3,4,58.279662,-0.6363636363636364,-0.6775544244591946
MUR,2025Q4,3,70.000308,-0.5714285714285714,-0.5556775363458619
MUR,2026Q1,4,61.925681999999995,-0.19999999999999996,-0.28382534019511885
OVV,2020Q1,35,774.32088,,
OVV,2020Q2,14,353.777426,,
OVV,2020Q3,54,976.2922990000001,,
OVV,2020Q4,63,1037.126602228,,
OVV,2021Q1,48,960.4784910000001,0.37142857142857144,0.24041403997784494
OVV,2021Q2,51,612.5883230000001,2.642857142857143,0.7315641925666565
OVV,2021Q3,55,695.696686,0.0185185185185186,-0.2874094298269171
OVV,2021Q4,47,790.465625,-0.25396825396825395,-0.23783111598729811
OVV,2022Q1,51,667.816911,0.0625,-0.30470393948676155
OVV,2022Q2,43,636.408993,-0.1568627450980392,0.03888528250643786
OVV,2022Q3,67,1176.899723,0.21818181818181825,0.6916851074377548
OVV,2022Q4,36,568.540043,-0.23404255319148937,-0.280752982775184
OVV,2023Q1,77,1180.55838,0.5098039215686274,0.7677874886878986
OVV,2023Q2,74,1063.073235,0.7209302325581395,0.6704245959641868
OVV,2023Q3,70,1387.251432,0.04477611940298498,0.17873375691159032
OVV,2023Q4,48,1006.216447212,0.33333333333333326,0.7698251154000073
OVV,2024Q1,35,804.520363594,-0.5454545454545454,-0.3185255577161715
OVV,2024Q2,47,1308.319002922,-0.3648648648648649,0.23069508275410566
OVV,2024Q3,41,896.68147994,-0.41428571428571426,-0.35362728107099184
OVV,2024Q4,47,1029.862386,-0.02083333333333337,0.023499853191147446
OVV,2025Q1,72,1467.346823,1.057142857142857,0.823877790296051
OVV,2025Q2,36,822.86046586,-0.23404255319148937,-0.3710551753645531
OVV,2025Q3,46,1184.743032,0.12195121951219523,0.32125292927793625
OVV,2025Q4,4,101.631012,-0.9148936170212766,-0.9013159297964689
OVV,2026Q1,7,147.76125,-0.9027777777777778,-0.8993003919155929
OVV,2026Q2,28,720.147792,-0.2222222222222222,-0.12482392595280589
OXY,2012Q1,252,9.359377,,
OXY,2012Q2,276,22.234525,,
OXY,2012Q3,250,25.1429816,,
OXY,2012Q4,208,70.32698380000001,,
OXY,2013Q1,221,115.00675,-0.12301587301587302,11.287863818286196
OXY,2013Q2,283,131.276308,0.0253623188405796,4.904165166559663
OXY,2013Q3,229,99.56675100000001,-0.08399999999999996,2.960021630847473
OXY,2013Q4,243,161.6781855,0.16826923076923084,1.2989495178662844
OXY,2014Q1,162,172.256741,-0.26696832579185525,0.49779679018840217
OXY,2014Q2,171,242.562522,-0.39575971731448767,0.8477250441869526
OXY,2014Q3,165,270.54544500000003,-0.2794759825327511,1.717226807973276
OXY,2014Q4,170,373.83576586600003,-0.3004115226337448,1.3122214336454192
OXY,2015Q1,170,488.40467372700004,0.04938271604938271,1.8353298157835232
OXY,2015Q2,77,410.448836765,-0.5497076023391814,0.6921362516382477
OXY,2015Q3,74,250.29701018670002,-0.5515151515151515,-0.07484300766290852
OXY,2015Q4,49,240.31969608499998,-0.711764705882353,-0.3571516745373645
OXY,2016Q1,65,298.282726891,-0.6176470588235294,-0.389271350302989
OXY,2016Q2,55,126.926079,-0.2857142857142857,-0.6907627269688895
OXY,2016Q3,55,140.812689,-0.2567567567567568,-0.4374176147970531
OXY,2016Q4,100,236.443538,1.0408163265306123,-0.016129173547344222
OXY,2017Q1,60,276.74022,-0.07692307692307687,-0.07222177132258867
OXY,2017Q2,55,366.728216,0.0,1.8893054830757041
OXY,2017Q3,71,620.725179,0.290909090909091,3.408162243105804
OXY,2017Q4,60,586.383956,-0.4,1.4800168402149354
OXY,2018Q1,55,581.22037,-0.08333333333333337,1.1002381583710528
OXY,2018Q2,69,735.2999199999999,0.25454545454545463,1.0050268507291515
OXY,2018Q3,79,740.119418,0.11267605633802824,0.19234637652744535
OXY,2018Q4,61,562.347111,0.016666666666666607,-0.04099164848227865
OXY,2019Q1,60,697.196071,0.09090909090909083,0.1995382594729087
OXY,2019Q2,63,762.147546,-0.08695652173913049,0.036512483232692405
OXY,2019Q3,137,1758.340774,0.7341772151898733,1.3757527923689743
OXY,2019Q4,148,1858.6079835,1.4262295081967213,2.3050903030246026
OXY,2020Q1,140,1546.99695041,1.3333333333333335,1.2188836322486964
OXY,2020Q2,27,356.52083999999996,-0.5714285714285714,-0.5322154589736093
OXY,2020Q3,16,154.27022599999998,-0.8832116788321168,-0.9122637498480712
OXY,2020Q4,74,798.635679,-0.5,-0.5703043965752985
OXY,2021Q1,139,1485.106019,-0.0071428571428571175,-0.040007145064893
OXY,2021Q2,107,1403.795294,2.962962962962963,2.9374845352658774
OXY,2021Q3,99,1211.9756280000001,5.1875,6.856186248148753
OXY,2021Q4,83,1140.152538,0.12162162162162171,0.4276253465505391
OXY,2022Q1,79,1336.7574046,-0.4316546762589928,-0.09989092529561694
OXY,2022Q2,101,1741.822189,-0.05607476635514019,0.24079500511561047
OXY,2022Q3,103,1658.595427,0.04040404040404044,0.36850559423955653
OXY,2022Q4,84,1475.4110120002429,0.012048192771084265,0.2940470356609799
OXY,2023Q1,76,1548.158883,-0.03797468354430378,0.15814498402816635
OXY,2023Q2,133,2847.970262,0.3168316831683169,0.6350522343701754
OXY,2023Q3,149,2858.151804,0.44660194174757284,0.7232362741827336
OXY,2023Q4,109,2109.470613600547,0.29761904761904767,0.4297511652300179
OXY,2024Q1,179,3298.3967784027745,1.3552631578947367,1.1305286005343254
OXY,2024Q2,152,2608.2196377193213,0.1428571428571428,-0.08418298023670812
OXY,2024Q3,143,2783.396055161895,-0.04026845637583898,-0.02615527584416044
OXY,2024Q4,100,1942.7263189835062,-0.08256880733944949,-0.07904556410597896
OXY,2025Q1,147,2907.4680248426594,-0.17877094972067042,-0.11852083900876831
OXY,2025Q2,129,2618.8586629,-0.15131578947368418,0.004079037296867316
OXY,2025Q3,114,2261.008918,-0.2027972027972028,-0.18767977205152386
OXY,2025Q4,149,3016.155450678,0.49,0.552537493935916
OXY,2026Q1,172,3511.044111631,0.17006802721088432,0.20759509017162925
OXY,2026Q2,112,2637.572452287,-0.13178294573643412,0.007145780584538075
PDCE,2012Q1,4,0.0,,
PDCE,2012Q2,33,6.50488,,
PDCE,2012Q3,36,31.378448,,
PDCE,2012Q4,28,32.668065999999996,,
PDCE,2013Q1,13,20.926448,2.25,inf
PDCE,2013Q2,19,63.442301,-0.4242424242424242,8.753031723874999
PDCE,2013Q3,21,82.68679,-0.41666666666666663,1.6351459447580075
PDCE,2013Q4,34,107.78292400000001,0.2142857142857142,2.2993359325281153
PDCE,2014Q1,22,79.46934,0.6923076923076923,2.79755513214665
PDCE,2014Q2,27,69.358269,0.42105263157894735,0.09324958122184124
PDCE,2014Q3,26,111.82923100000001,0.23809523809523814,0.35244373375723015
PDCE,2014Q4,52,200.689075,0.5294117647058822,0.8619746760627869
PDCE,2015Q1,31,118.24252200000001,0.40909090909090917,0.48790114527187467
PDCE,2015Q2,51,233.451075,0.8888888888888888,2.3658722797709957
PDCE,2015Q3,34,147.941663,0.3076923076923077,0.32292479950970954
PDCE,2015Q4,47,151.37707699999999,-0.09615384615384615,-0.24571341514230416
PDCE,2016Q1,59,238.38917800000002,0.903225806451613,1.0161036314837735
PDCE,2016Q2,31,188.69296699999998,-0.3921568627450981,-0.1917237176997365
PDCE,2016Q3,42,185.138504,0.23529411764705888,0.251429112298136
PDCE,2016Q4,11,96.952529,-0.7659574468085106,-0.35952965322484054
PDCE,2017Q1,56,367.66481,-0.05084745762711862,0.5422881738364815
PDCE,2017Q2,42,330.588112,0.35483870967741926,0.7519895799825971
PDCE,2017Q3,36,224.455885,-0.1428571428571429,0.21236739063204269
PDCE,2017Q4,33,289.287202,2.0,1.983802537012727
PDCE,2018Q1,51,356.988157,-0.0892857142857143,-0.02903909405961369
PDCE,2018Q2,82,528.206001,0.9523809523809523,0.5977767555053521
PDCE,2018Q3,42,411.91547,0.16666666666666674,0.835173401668662
PDCE,2018Q4,54,276.613812,0.6363636363636365,-0.043809024085344705
PDCE,2019Q1,42,406.630818,-0.17647058823529416,0.1390596859491895
PDCE,2019Q2,47,426.12005800000003,-0.426829268292683,-0.19326918438399188
PDCE,2019Q3,37,298.388589,-0.11904761904761907,-0.27560722834711693
PDCE,2020Q1,70,582.075009,0.2962962962962963,1.1042875798262743
PDCE,2020Q2,16,121.849852,-0.6190476190476191,-0.7003428008744778
PDCE,2020Q3,6,39.78869,-0.8723404255319149,-0.906625634599909
PDCE,2020Q4,33,297.402911,-0.10810810810810811,-0.003303336777399357
PDCE,2021Q1,35,282.36497099999997,-0.5,-0.5148993400608272
PDCE,2021Q2,52,567.655571,2.25,3.6586480137866726
PDCE,2021Q3,44,246.374821,6.333333333333333,5.19208174483754
PDCE,2021Q4,44,347.172186,0.33333333333333326,0.16734629406502344
PDCE,2022Q1,50,415.011382,0.4285714285714286,0.4697693574745858
PDCE,2022Q2,38,426.562837,-0.2692307692307693,-0.24855342078550657
PDCE,2022Q3,33,322.53802800000005,-0.25,0.3091355142983545
PDCE,2022Q4,64,505.13564499999995,0.4545454545454546,0.45500032943307245
PDCE,2023Q1,77,755.12645028,0.54,0.8195319045008744
PDCE,2023Q2,72,539.753072,0.894736842105263,0.2653541874300691
PDCE,2023Q3,13,120.520652,-0.6060606060606061,-0.626336612934212
PR,2021Q3,4,68.182716,,
PR,2021Q4,11,198.99838599999998,,
PR,2022Q1,6,145.33793400000002,,
PR,2022Q2,11,232.906804,,
PR,2022Q3,10,274.72051700000003,1.5,3.0291811930753836
PR,2022Q4,15,307.26746399999996,0.36363636363636354,0.5440701313024718
PR,2023Q1,27,510.464379,3.5,2.5122583963523244
PR,2023Q2,39,783.847842,2.5454545454545454,2.365499970537572
PR,2023Q3,47,1000.701594,3.7,2.6426168854363357
PR,2023Q4,42,967.64939,1.7999999999999998,2.149208762304883
PR,2024Q1,68,1394.41176,1.5185185185185186,1.7316534069069682
PR,2024Q2,79,1499.08833,1.0256410256410255,0.9124736328610061
PR,2024Q3,100,1981.3454039999997,1.127659574468085,0.9799562785547034
PR,2024Q4,75,1403.004372,0.7857142857142858,0.44990983976127974
PR,2025Q1,72,1721.166846,0.05882352941176472,0.23433184900850246
PR,2025Q2,63,1598.485849,-0.20253164556962022,0.0663053117090171
PR,2025Q3,66,1382.938629,-0.33999999999999997,-0.30202042197787327
PR,2025Q4,66,1388.429445,-0.12,-0.010388368910941748
PR,2026Q1,69,1462.78629,-0.04166666666666663,-0.15011941265338558
PR,2026Q2,61,1460.679404,-0.031746031746031744,-0.08621061305372868
PXD,2012Q1,289,72.275294,,
PXD,2012Q2,230,159.84014100000002,,
PXD,2012Q3,166,195.05058702871364,,
PXD,2012Q4,147,388.0992780871549,,
PXD,2013Q1,208,473.152213,-0.2802768166089965,5.546527683443252
PXD,2013Q2,149,446.50514799999996,-0.3521739130434782,1.7934481614352427
PXD,2013Q3,157,481.390825,-0.054216867469879526,1.468030639298378
PXD,2013Q4,181,600.440423,0.23129251700680276,0.5471309968918827
PXD,2014Q1,165,632.9317080000001,-0.20673076923076927,0.33769153056883217
PXD,2014Q2,189,710.768633,0.26845637583892623,0.5918486856953329
PXD,2014Q3,181,984.5168309999999,0.15286624203821653,1.0451508002878946
PXD,2014Q4,140,710.121199,-0.22651933701657456,0.1826672085999781
PXD,2015Q1,103,628.188354,-0.37575757575757573,-0.00749425876448595
PXD,2015Q2,79,745.972741,-0.5820105820105821,0.0495296308327664
PXD,2015Q3,89,863.294657,-0.5082872928176796,-0.12312859484268168
PXD,2015Q4,83,877.2332719999999,-0.40714285714285714,0.23532894558749806
PXD,2016Q1,88,1279.039205,-0.1456310679611651,1.0360759585173716
PXD,2016Q2,54,1019.113368,-0.31645569620253167,0.3661536300024131
PXD,2016Q3,52,866.066208,-0.4157303370786517,0.0032104345573402693
PXD,2016Q4,45,729.208116,-0.45783132530120485,-0.16874092755569803
PXD,2017Q1,47,938.582526,-0.46590909090909094,-0.26618158197895114
PXD,2017Q2,61,1165.013732,0.12962962962962954,0.14316401745011742
PXD,2017Q3,80,1439.135083,0.5384615384615385,0.6616917617919575
PXD,2017Q4,75,1317.83812,0.6666666666666667,0.8072181193331642
PXD,2018Q1,71,1378.476958,0.5106382978723405,0.46867954581971394
PXD,2018Q2,70,1463.603155,0.14754098360655732,0.25629691290196743
PXD,2018Q3,76,1386.962104,-0.050000000000000044,-0.036253010308970435
PXD,2018Q4,67,1276.263944,-0.10666666666666669,-0.03154725559160476
PXD,2019Q1,87,1717.281797,0.22535211267605626,0.24578201110562214
PXD,2019Q2,83,1587.459903,0.18571428571428572,0.084624542914435
PXD,2019Q3,90,1640.664044,0.18421052631578938,0.1829191578258147
PXD,2019Q4,90,1857.4315459999998,0.34328358208955234,0.4553663094003382
PXD,2020Q1,105,1978.621853,0.2068965517241379,0.1521823945589753
PXD,2020Q2,29,577.348258,-0.6506024096385542,-0.6363068718089064
PXD,2020Q3,55,1031.935645,-0.38888888888888884,-0.3710256229641612
PXD,2020Q4,68,1350.171081,-0.24444444444444446,-0.27309779792013933
PXD,2021Q1,116,2369.18081407,0.10476190476190483,0.19738939023534563
PXD,2021Q2,161,3097.1786839999995,4.551724137931035,4.364489527913324
PXD,2021Q3,149,2975.1279350000004,1.709090909090909,1.8830556919079973
PXD,2021Q4,156,2758.690984,1.2941176470588234,1.043215873026094
PXD,2022Q1,122,2177.2164199999997,0.051724137931034475,-0.08102564098525933
PXD,2022Q2,139,2734.942897,-0.1366459627329193,-0.11695669638671702
PXD,2022Q3,118,2261.4189109999998,-0.20805369127516782,-0.23989187678411572
PXD,2022Q4,95,2073.22034,-0.3910256410256411,-0.24847677683931557
PXD,2023Q1,135,2928.748225,0.10655737704918034,0.34518011075812116
PXD,2023Q2,114,2679.869279,-0.17985611510791366,-0.02013702664886019
PXD,2023Q3,114,2704.308148,-0.03389830508474578,0.19584572979632275
PXD,2023Q4,128,2407.023848,0.34736842105263155,0.16100725116366554
PXD,2024Q1,125,2501.243865,-0.07407407407407407,-0.1459682865023333
PXD,2024Q2,42,913.711227,-0.631578947368421,-0.6590463444765657
RRC,2012Q1,74,25.606405,,
RRC,2012Q2,76,15.199609,,
RRC,2012Q3,90,111.35690127395807,,
RRC,2012Q4,36,94.81162184884424,,
RRC,2013Q1,85,302.061982,0.14864864864864868,10.796344781705985
RRC,2013Q2,67,260.00167,-0.11842105263157898,16.105813050848873
RRC,2013Q3,48,219.59766,-0.4666666666666667,0.9720166194257698
RRC,2013Q4,42,241.007105,0.16666666666666674,1.5419574130292961
RRC,2014Q1,34,224.002141,-0.6,-0.25842325632359786
RRC,2014Q2,51,323.068228,-0.23880597014925375,0.24256212662018672
RRC,2014Q3,53,339.585004,0.10416666666666674,0.5463962776288238
RRC,2014Q4,71,451.43690300000003,0.6904761904761905,0.8731269478549193
RRC,2015Q1,48,301.677925,0.41176470588235303,0.3467635784784755
RRC,2015Q2,65,381.869762,0.27450980392156854,0.1820096465815264
RRC,2015Q3,31,186.209596,-0.41509433962264153,-0.4516554211563477
RRC,2015Q4,10,110.04919100000001,-0.8591549295774648,-0.7562246456400132
RRC,2016Q1,42,380.90297599999997,-0.125,0.26261467755719936
RRC,2016Q2,34,216.315518,-0.4769230769230769,-0.43353588179626534
RRC,2016Q3,20,162.86151800000002,-0.3548387096774194,-0.12538600857068605
RRC,2016Q4,14,114.601528,0.3999999999999999,0.04136638314769625
RRC,2017Q1,19,213.91071,-0.5476190476190477,-0.43841155496774065
RRC,2017Q2,31,488.43009,-0.08823529411764708,1.2579521548703685
RRC,2017Q3,29,465.6931038,0.44999999999999996,1.8594422397561097
RRC,2017Q4,28,372.161709,1.0,2.2474410725134484
RRC,2018Q1,19,343.6516267,0.0,0.6065190317025269
RRC,2018Q2,35,445.369475,0.12903225806451624,-0.08816126582209538
RRC,2018Q3,27,457.853216,-0.06896551724137934,-0.016834880602756397
RRC,2018Q4,14,216.536144,-0.5,-0.41816651535206695
RRC,2019Q1,27,380.11587994,0.42105263157894735,0.10610819331820731
RRC,2019Q2,26,476.14064223800005,-0.2571428571428571,0.06909132521486794
RRC,2019Q3,18,321.23919422,-0.33333333333333337,-0.29837951772735827
RRC,2019Q4,9,187.854963,-0.3571428571428571,-0.1324544737436537
RRC,2020Q1,28,392.42238699999996,0.03703703703703698,0.032375672023864155
RRC,2020Q2,17,294.444789,-0.34615384615384615,-0.3816012268643493
RRC,2020Q3,5,54.67046,-0.7222222222222222,-0.829813855271474
RRC,2020Q4,13,285.614303,0.4444444444444444,0.5203979625494377
RRC,2021Q1,15,317.393409,-0.4642857142857143,-0.19119443865979013
RRC,2021Q2,21,356.13876200000004,0.23529411764705888,0.20952645556923066
RRC,2021Q3,15,296.38597500000003,2.0,4.421318478022684
RRC,2021Q4,8,97.0079,-0.3846153846153846,-0.6603534942716087
RRC,2022Q1,19,290.701426,0.2666666666666666,-0.0840974709717428
RRC,2022Q2,7,128.316698,-0.6666666666666667,-0.6397002750293157
RRC,2022Q3,26,406.804166,0.7333333333333334,0.3725486369589519
RRC,2022Q4,10,187.896736,0.25,0.9369220032595282
RRC,2023Q1,6,160.435614,-0.6842105263157895,-0.4481086102412172
RRC,2023Q2,14,266.362694,1.0,1.0758225402589456
RRC,2023Q3,14,284.36511165,-0.46153846153846156,-0.3009778772767042
RRC,2023Q4,10,156.888081,0.0,-0.1650303015375424
RRC,2024Q1,19,329.802063,2.1666666666666665,1.055666162751121
RRC,2024Q2,8,200.914075,-0.4285714285714286,-0.2457124082098373
RRC,2024Q3,7,162.513018,-0.5,-0.42850577886635066
RRC,2024Q4,10,183.275896,0.0,0.16819515435337618
RRC,2025Q1,9,242.988675,-0.5263157894736843,-0.26322875973034765
RRC,2025Q2,12,246.791612,0.5,0.228344066984854
RRC,2025Q3,16,399.00286100000005,1.2857142857142856,1.455205533134583
RRC,2025Q4,16,438.621415,0.6000000000000001,1.3932302314320704
RRC,2026Q1,11,229.813666,0.22222222222222232,-0.05422067098394601
RRC,2026Q2,20,435.79855999999995,0.6666666666666667,0.7658564505830934
SM,2012Q1,32,0.02696,,
SM,2012Q2,44,0.850962,,
SM,2012Q3,43,25.794558000000002,,
SM,2012Q4,49,235.06152739949061,,
SM,2013Q1,48,201.855862,0.5,7486.235237388723
SM,2013Q2,61,299.528132,0.38636363636363646,350.98767042476635
SM,2013Q3,49,212.882717,0.13953488372093026,7.253008909863855
SM,2013Q4,53,218.24017700000002,0.08163265306122458,-0.07156147833117099
SM,2014Q1,33,165.068028,-0.3125,-0.1822480339956637
SM,2014Q2,44,255.287957,-0.2786885245901639,-0.14769956566216635
SM,2014Q3,52,394.931507,0.061224489795918435,0.8551600269175443
SM,2014Q4,63,404.438961,0.18867924528301883,0.8531828857525166
SM,2015Q1,35,239.186929,0.06060606060606055,0.44902033360451843
SM,2015Q2,24,141.247797,-0.4545454545454546,-0.44671186741488167
SM,2015Q3,30,207.558776,-0.42307692307692313,-0.4744436128262616
SM,2015Q4,21,96.738847,-0.6666666666666667,-0.7608073001651292
SM,2016Q1,31,239.200151,-0.11428571428571432,5.5278940430891765e-05
SM,2016Q2,50,366.58585500000004,1.0833333333333335,1.5953385665901751
SM,2016Q3,29,193.649318,-0.033333333333333326,-0.06701455013398228
SM,2016Q4,28,419.617608,0.33333333333333326,3.337632926305189
SM,2017Q1,26,346.622903,-0.16129032258064513,0.4490914890768609
SM,2017Q2,37,719.447983,-0.26,0.9625634027805026
SM,2017Q3,30,630.464883,0.034482758620689724,2.255704122851597
SM,2017Q4,23,569.479872,-0.1785714285714286,0.3571400750180149
SM,2018Q1,46,948.517627,0.7692307692307692,1.7364539930588485
SM,2018Q2,52,1026.109649,0.4054054054054055,0.42624577905029715
SM,2018Q3,32,675.877235,0.06666666666666665,0.07202994682893404
SM,2018Q4,30,603.999601,0.30434782608695654,0.060616240708855074
SM,2019Q1,45,945.788713,-0.021739130434782594,-0.0028770303495898597
SM,2019Q2,46,935.533467,-0.11538461538461542,-0.08827144554022215
SM,2019Q3,32,680.3072950000001,0.0,0.006554533531522244
SM,2019Q4,18,370.574739,-0.4,-0.3864652586086724
SM,2020Q1,19,410.508798,-0.5777777777777777,-0.5659614115103105
SM,2020Q2,21,444.67814999999996,-0.5434782608695652,-0.5246795911791791
SM,2020Q3,16,339.02383199999997,-0.5,-0.5016607428853164
SM,2020Q4,21,481.152588,0.16666666666666674,0.2983955390440145
SM,2021Q1,37,799.646904,0.9473684210526316,0.9479409647147194
SM,2021Q2,41,999.1486259999999,0.9523809523809523,1.2469029026949041
SM,2021Q3,24,503.138286,0.5,0.4840794024179398
SM,2021Q4,10,188.256012,-0.5238095238095238,-0.6087394795432337
SM,2022Q1,25,477.501444,-0.32432432432432434,-0.40285963515716927
SM,2022Q2,20,438.86703,-0.5121951219512195,-0.5607590116427783
SM,2022Q3,29,797.5892819999999,0.20833333333333326,0.5852287615417124
SM,2022Q4,25,587.2548360000001,1.5,2.1194479781076
SM,2023Q1,29,621.170823,0.15999999999999992,0.30087737074989884
SM,2023Q2,29,838.106556,0.44999999999999996,0.9097049874081449
SM,2023Q3,21,567.156156,-0.27586206896551724,-0.288912014241435
SM,2023Q4,21,589.300236,-0.16000000000000003,0.003482985366169089
SM,2024Q1,44,1111.559904,0.5172413793103448,0.7894592966096219
SM,2024Q2,31,920.513541,0.06896551724137923,0.09832518837855275
SM,2024Q3,39,881.152123,0.8571428571428572,0.5536322998140921
SM,2024Q4,28,698.279497,0.33333333333333326,0.1849299463032965
SM,2025Q1,56,1266.32028048,0.2727272727272727,0.13922810270781416
SM,2025Q2,54,1277.08707646,0.7419354838709677,0.3873637046910099
SM,2025Q3,32,751.20602676,-0.17948717948717952,-0.14747294235367803
SM,2025Q4,12,433.102194,-0.5714285714285714,-0.37975811138559035
SM,2026Q1,34,889.553658,-0.3928571428571429,-0.2975286965610203
SM,2026Q2,23,530.800443,-0.5740740740740741,-0.5843662873236934
SM,2026Q3,6,104.475042,-0.8125,-0.8609235838394327
SWN,2012Q1,175,10.139567,,
SWN,2012Q2,152,15.906637,,
SWN,2012Q3,102,36.581108387673865,,
SWN,2012Q4,116,470.45705465623337,,
SWN,2013Q1,149,715.4779384323624,-0.14857142857142858,69.56296767232392
SWN,2013Q2,150,747.9454511337308,-0.013157894736842146,46.02096685388186
SWN,2013Q3,121,629.3183291512267,0.18627450980392157,16.20336963226838
SWN,2013Q4,115,643.2413792371781,-0.008620689655172376,0.367269069239911
SWN,2014Q1,143,754.1866028680656,-0.04026845637583898,0.0541018281018073
SWN,2014Q2,167,853.782814245418,0.11333333333333329,0.1415041203222236
SWN,2014Q3,133,630.2250623576781,0.09917355371900816,0.0014408180477982757
SWN,2014Q4,125,592.8538372865129,0.08695652173913038,-0.0783338006183929
SWN,2015Q1,123,609.3592861418621,-0.1398601398601399,-0.19203114477961503
SWN,2015Q2,92,491.60446959721384,-0.4491017964071856,-0.4242043041921628
SWN,2015Q3,87,478.5453481873587,-0.3458646616541353,-0.24067547171622172
SWN,2015Q4,83,493.0131512911829,-0.33599999999999997,-0.16840691535758623
SWN,2016Q1,9,92.95477939976018,-0.926829268292683,-0.8474548898921352
SWN,2016Q3,24,209.82383199999998,-0.7391304347826086,-0.5731856706430785
SWN,2016Q4,49,400.922643,-0.4367816091954023,-0.1622055370120703
SWN,2017Q1,53,516.475847,-0.3614457831325302,0.047590405341864095
SWN,2017Q2,38,325.279755,3.2222222222222223,2.499333300562265
SWN,2017Q3,30,337.8864396,0.25,0.6103339471943303
SWN,2017Q4,34,308.228677,-0.30612244897959184,-0.23120162360098973
SWN,2018Q1,28,333.4959179,-0.4716981132075472,-0.35428554919432664
SWN,2018Q2,56,636.018824,0.4736842105263157,0.9552979065666105
SWN,2018Q3,23,250.192021,-0.23333333333333328,-0.2595381415833534
SWN,2018Q4,11,142.857382,-0.6764705882352942,-0.5365214444339323
SWN,2019Q1,33,443.832838,0.1785714285714286,0.3308493872872078
SWN,2019Q2,40,677.675585,-0.2857142857142857,0.06549611336660677
SWN,2019Q3,31,469.3383748,0.34782608695652173,0.8759126407152689
SWN,2019Q4,15,233.53601224,0.36363636363636354,0.6347493491095895
SWN,2020Q1,22,369.1692145,-0.33333333333333337,-0.16822464925409597
SWN,2020Q2,32,660.886203,-0.19999999999999996,-0.024774954818535977
SWN,2020Q3,24,531.7956280000001,-0.22580645161290325,0.13307510434580405
SWN,2020Q4,18,457.31923900000004,0.19999999999999996,0.9582386228725306
SWN,2021Q1,29,682.6505050000001,0.3181818181818181,0.8491533914185578
SWN,2021Q2,23,547.777006,-0.28125,-0.17114776566155665
SWN,2021Q3,15,407.745778,-0.375,-0.23326602075788427
SWN,2021Q4,16,451.408207,-0.11111111111111116,-0.012925395426016673
SWN,2022Q1,35,962.4099860000001,0.2068965517241379,0.4098136293036214
SWN,2022Q2,37,1117.765309,0.6086956521739131,1.0405480638228903
SWN,2022Q3,34,1013.8129839999999,1.2666666666666666,1.486384994524701
SWN,2022Q4,31,975.4980390000001,0.9375,1.1610108630568163
SWN,2023Q1,36,1062.5725459999999,0.02857142857142847,0.10407473057953043
SWN,2023Q2,40,1094.294125,0.08108108108108114,-0.02099831137271413
SWN,2023Q3,25,663.722542,-0.2647058823529411,-0.34532053497551174
SWN,2023Q4,17,508.41664,-0.4516129032258065,-0.4788132628937044
SWN,2024Q1,25,727.496519,-0.3055555555555556,-0.3153441412178175
SWN,2024Q2,23,656.91522,-0.42500000000000004,-0.3996904442852601
SWN,2024Q3,14,402.332112,-0.43999999999999995,-0.3938248491792222
XEC,2012Q1,16,0.0,,
XEC,2012Q2,44,0.0,,
XEC,2012Q3,44,60.641415,,
XEC,2012Q4,52,141.63021,,
XEC,2013Q1,50,170.792168,2.125,inf
XEC,2013Q2,41,102.48794699999999,-0.06818181818181823,inf
XEC,2013Q3,48,174.181288,0.09090909090909083,1.8723156938207985
XEC,2013Q4,35,155.908094,-0.32692307692307687,0.10081100635238771
XEC,2014Q1,35,147.2243,-0.30000000000000004,-0.1379915032169391
XEC,2014Q2,54,328.515959,0.3170731707317074,2.205410671364117
XEC,2014Q3,45,301.514145,-0.0625,0.7310363728622788
XEC,2014Q4,55,351.018316,0.5714285714285714,1.251443828182519
XEC,2015Q1,42,315.930786,0.19999999999999996,1.1459146757702365
XEC,2015Q2,29,266.61204799999996,-0.4629629629629629,-0.18843501907315274
XEC,2015Q3,20,187.883409,-0.5555555555555556,-0.3768670156420024
XEC,2015Q4,30,321.85029599999996,-0.4545454545454546,-0.08309543596579749
XEC,2016Q1,7,73.488878,-0.8333333333333334,-0.7673893103915489
XEC,2016Q2,20,254.015781,-0.31034482758620685,-0.0472456781097903
XEC,2016Q3,30,494.18552,0.5,1.6302775887997645
XEC,2016Q4,29,466.98641999999995,-0.033333333333333326,0.4509429564110141
XEC,2017Q1,30,437.652025,3.2857142857142856,4.955350481742284
XEC,2017Q2,32,372.30644,0.6000000000000001,0.46568232309944557
XEC,2017Q3,42,483.44339320000006,0.3999999999999999,-0.021737032683596058
XEC,2017Q4,24,370.957875,-0.1724137931034483,-0.20563455571149147
XEC,2018Q1,29,301.39772100000005,-0.033333333333333326,-0.31133022633677965
XEC,2018Q2,30,463.864558,-0.0625,0.24592139206617003
XEC,2018Q3,60,971.879394,0.4285714285714286,1.010327181362337
XEC,2018Q4,28,354.029505,0.16666666666666674,-0.04563421116211652
XEC,2019Q1,39,599.2495799999999,0.3448275862068966,0.9882352726880765
XEC,2019Q2,40,655.217921,0.33333333333333326,0.4125199041397771
XEC,2019Q3,20,338.309387,-0.6666666666666667,-0.6519018830025735
XEC,2019Q4,32,541.660122,0.1428571428571428,0.5299858185548689
XEC,2020Q1,28,459.232095,-0.28205128205128205,-0.2336547069419722
XEC,2020Q2,2,38.700333,-0.95,-0.940935173230709
XEC,2020Q3,7,125.710046,-0.65,-0.6284169141307332
XEC,2020Q4,19,383.835916,-0.40625,-0.29137128540542623
XEC,2021Q1,24,538.170359,-0.1428571428571429,0.17189187092857683
XEC,2021Q2,28,586.2260210017535,13.0,14.147828857228527
XEC,2021Q3,26,610.574055002072,2.7142857142857144,3.857002876302121
XOM,2012Q1,300,72.702004,,
XOM,2012Q2,281,116.72157000000001,,
XOM,2012Q3,204,126.855739,,
XOM,2012Q4,223,569.3920438,,
XOM,2013Q1,219,844.983579,-0.27,10.622562412447392
XOM,2013Q2,251,961.863477,-0.10676156583629892,7.240666031137174
XOM,2013Q3,245,730.821241,0.2009803921568627,4.76104200536012
XOM,2013Q4,186,510.64741200000003,-0.1659192825112108,-0.10317079846769717
XOM,2014Q1,190,641.99755,-0.13242009132420096,-0.24022482098436126
XOM,2014Q2,220,849.182559,-0.12350597609561753,-0.11714855662411228
XOM,2014Q3,212,753.884828,-0.13469387755102036,0.031558451925181474
XOM,2014Q4,184,438.94751299999996,-0.010752688172043001,-0.14040979610408766
XOM,2015Q1,227,687.1582762,0.1947368421052631,0.07034407872740323
XOM,2015Q2,213,807.62582656,-0.03181818181818186,-0.04893733626481611
XOM,2015Q3,188,1016.4218152,-0.1132075471698113,0.3482454845211449
XOM,2015Q4,169,1301.6759782,-0.08152173913043481,1.9654478944501959
XOM,2016Q1,102,698.445831,-0.5506607929515419,0.016426426328473243
XOM,2016Q2,101,823.4153212,-0.5258215962441315,0.019550507327451117
XOM,2016Q3,77,819.816155,-0.5904255319148937,-0.1934292015970891
XOM,2016Q4,94,801.7520062,-0.44378698224852076,-0.3840617637357886
XOM,2017Q1,72,466.707851,-0.2941176470588235,-0.3317909130736869
XOM,2017Q2,94,714.588536,-0.06930693069306926,-0.13216512056321938
XOM,2017Q3,83,850.344285,0.07792207792207795,0.037237775583966126
XOM,2017Q4,87,1241.301817,-0.07446808510638303,0.5482366210510645
XOM,2018Q1,105,1500.9181669999998,0.45833333333333326,2.2159693988091917
XOM,2018Q2,152,2090.149675,0.6170212765957446,1.9249695030092115
XOM,2018Q3,161,2483.6266965,0.9397590361445782,1.9207307443713812
XOM,2018Q4,160,2399.365151,0.8390804597701149,0.9329425915115694
XOM,2019Q1,173,2698.035098,0.6476190476190475,0.797589740280624
XOM,2019Q2,188,2890.517493,0.23684210526315796,0.38292368607525673
XOM,2019Q3,179,2317.526841,0.11180124223602483,-0.066877947371911
XOM,2019Q4,108,1619.801035,-0.32499999999999996,-0.3249043254942232
XOM,2020Q1,157,3058.101351,-0.09248554913294793,0.13345499221522727
XOM,2020Q2,58,1143.887882,-0.6914893617021276,-0.6042619064682477
XOM,2020Q3,48,1061.420014,-0.7318435754189945,-0.542003140925003
XOM,2020Q4,84,1735.674602,-0.2222222222222222,0.07153567907184355
XOM,2021Q1,88,1645.196756,-0.4394904458598726,-0.46202019908136127
XOM,2021Q2,103,1612.579933,0.7758620689655173,0.409736005053684
XOM,2021Q3,103,1986.372853,1.1458333333333335,0.8714296195662277
XOM,2021Q4,153,2725.7696379999998,0.8214285714285714,0.5704381655750008
XOM,2022Q1,112,2029.83837,0.2727272727272727,0.23379672528359885
XOM,2022Q2,110,2325.426113,0.06796116504854366,0.4420532374316728
XOM,2022Q3,130,2147.479185,0.2621359223300972,0.0811057862357929
XOM,2022Q4,127,2029.933623,-0.16993464052287577,-0.25528056564257606
XOM,2023Q1,122,2313.178123,0.08928571428571419,0.13958734704576514
XOM,2023Q2,121,2240.985541,0.10000000000000009,-0.03631187055479668
XOM,2023Q3,109,2192.518555,-0.16153846153846152,0.020973134601069532
XOM,2023Q4,90,2319.63677704,-0.2913385826771654,0.14271557983844496
XOM,2024Q1,118,2495.858749,-0.032786885245901676,0.0789738689742916
XOM,2024Q2,174,4095.8130575100004,0.43801652892561993,0.8276838393532502
XOM,2024Q3,228,5170.762657,1.091743119266055,1.3583666579277822
XOM,2024Q4,238,5025.117251942,1.6444444444444444,1.166337980877489
XOM,2025Q1,202,5025.213886,0.7118644067796611,1.0134207867386005
XOM,2025Q2,232,5615.296129,0.33333333333333326,0.3709844785771914
XOM,2025Q3,259,5912.443113,0.13596491228070184,0.14343734284456833
XOM,2025Q4,246,6534.379395,0.03361344537815136,0.3003436671004509
XOM,2026Q1,220,5061.798308207,0.08910891089108919,0.007280172155243569
XOM,2026Q2,85,2334.255043222,-0.6336206896551724,-0.5843041952557371
XOM,2026Q3,3,141.483189,-0.9884169884169884,-0.976070266335601
